home_club_name,win_rate,avg_goal_diff
 Aarhus 1900,,-3.0
1. FC Lokomotive Leipzig,,-3.6666666666666665
1. FC Slovácko,,-0.3333333333333333
1. Fußball- und Sportverein Mainz 05,0.4092664092664093,0.2277992277992278
1. Fußball-Club Köln,0.33152173913043476,-0.021739130434782608
1. Fußballclub Heidenheim 1846,0.2923076923076923,-0.5230769230769231
1. Fußballclub Union Berlin,0.4492753623188406,0.2463768115942029
1.CfR Pforzheim,,-1.0
1.FC Düren,,-3.0
1.FC Germania Egestorf/Langreder,,-6.0
1.FC Kaan-Marienborn,,-2.0
1.FC Kaiserslautern,,-0.5
1.FC Lok Stendal,,-5.0
1.FC Magdeburg,,-1.1666666666666667
1.FC Neubrandenburg 04,,-2.0
1.FC Nuremberg,0.26666666666666666,-0.35
1.FC Phönix Lübeck,,-3.0
1.FC Rielasingen-Arlen,,-5.0
1.FC Saarbrücken,,-0.23529411764705882
1.FC Schweinfurt 05,,-2.0
2DROTS Moskau,,1.1666666666666667
A.G.S Asteras Tripolis,0.48770491803278687,0.5
AB Taarnby,,-2.0
AC Ajaccio,0.24561403508771928,-0.543859649122807
AC Carpi,,0.25925925925925924
AC Football Club,,-9.0
AC Horsens,0.3047619047619048,-0.4380952380952381
AC Juvenes-Dogana,,-2.0
AC Libertas,,-2.3333333333333335
AC Lumezzane,,3.0
AC Monza,0.3181818181818182,-0.13636363636363635
AC Perugia Calcio,,0.9166666666666666
AC Ponte San Pietro-Isola,,2.0
AC Reggiana 1919,,1.5
AC Renate,,0.3333333333333333
"AC Sparta Praha, a. s.",0.5934065934065934,0.7912087912087912
AC Virtus Acquaviva,,-1.4
ACD Campodarsego,,-1.0
ACSM Politehnica Iasi,,-0.0625
ACV Assen,,-2.6666666666666665
AD Alcorcón,,-0.35714285714285715
AD Ceuta FC,,-1.1666666666666667
AD Fafe,,-1.0
AD Llerenense,,-2.0
AD San Juan,,-1.6666666666666667
AD Unión Adarve,,-1.0
ADO '20 Heemskerk,,0.6428571428571429
ADO Den Haag,0.3548387096774194,-0.12903225806451613
AE Agiou Dimitriou,,-3.0
AE Ermionidas,,-0.2857142857142857
AE Evosmou,,0.5
AE Kalabakiou,,-4.0
AE Karaiskakis Artas,,-2.0
AE Karitsas,,-1.0
AE Kydonias,,-4.0
AE Lefkimmis,,0.3333333333333333
AE Mykonou,,0.0
AE Neapolis,,-3.0
AE Prat,,0.0
AE Sparti,,-0.6
AE Vathyllou-Pansamiakou,,-2.0
AEK Larnaca,,0.6756756756756757
AEL Kalloni,0.42105263157894735,0.03508771929824561
AEL Limassol,,0.9285714285714286
AEP Kozanis,,2.0
AER Afantou,,-0.3333333333333333
AFC Ajax Amsterdam,0.6756756756756757,1.6066066066066067
AFC Amsterdam,,-0.875
AFC Amsterdam Zaterdag,,-1.0
AFC Fylde,,-0.25
AFC Sudbury,,-4.0
AFC Telford United,,1.0
AFC Wimbledon,,0.5833333333333334
AGB Amsterdam,,-1.0
AIA-Tranbjerg,,-9.0
AO Acharnaikos,,-0.5384615384615384
AO Agios Nikolaos,,0.8571428571428571
AO Chalkis,,-1.0
AO Chania,,-0.75
AO Chaniotis,,-1.0
AO Diavolitsiou,,-2.0
AO Egaleo,,-0.7
AO Episkopi Rethymnou,,0.125
AO Ermis Zonianon,,-2.0
AO FK Zenit Sankt-Peterburg,0.7214765100671141,1.5100671140939597
AO Giouchtas,,0.25
AO Glyfadas,,-1.0
AO Kardias,,-4.0
AO Kassiopi,,-2.0
AO Kavala,,0.3
AO Mandraikos,,1.0
AO Neas Artakis,,-0.6
AO Neas Ionias,,0.0
AO Neos Asteras Rethymnou,,-3.0
AO Platanias,0.4074074074074074,0.1111111111111111
AO Porou,,-1.0
AO Trachones Alimou,,-1.0
AO Trikala,,-0.4666666666666667
AO Vistonidas,,-1.0
AO Xanthi,0.4195804195804196,0.34965034965034963
AO Xenofon Krestenon,,0.0
AO Ypatou,,3.0
AOK Kerkyra,0.3333333333333333,-0.013333333333333334
AP Brera,,-2.0
APO Atalantis,,0.25
APO Fostiras,,0.0
APO Levadiakos Football Club,0.4277456647398844,0.2138728323699422
APOEL Nicosia,0.5172413793103449,0.29310344827586204
APS Atromitos Athinon,0.4322033898305085,0.3050847457627119
APS Zakynthos,,1.5
AS Antimachos Kos,,0.6666666666666666
AS Ardealul Tg. Mures (- 2018),,-3.0
AS Cittadella,,2.0
AS Edessaikos,,1.3333333333333333
AS Fokikos Amfissas,,-0.6666666666666666
AS Giana Erminio,,-2.0
AS Giannitsa,,-1.0
AS Gubbio 1910,,1.0
AS Korinthos 2006,,-0.5
AS Nancy-Lorraine,,-0.2894736842105263
AS Rouvas,,-2.0
AS Saint-Étienne,0.43946188340807174,0.3542600896860987
AS Thinaliakos,,0.3333333333333333
AS Trencin,,0.42857142857142855
AS Viterbese Castrense,,-0.5
ASFC Buzau (2016-2025),,-0.2
ASG Nocerina,,-0.5
ASV De Dijk,,-2.5
ASWH Ambacht,,0.8461538461538461
AUGC Ceuta (- 2020),,-3.0
AVS Futebol SAD,,-0.6216216216216216
AVV Swift,,2.5
AWC Wijchen,,-1.3333333333333333
Aabenraa BK,,-7.0
Aabyhöj IF,,-4.0
Aalborg BK,0.42702702702702705,0.2756756756756757
Aalborg Chang,,-4.5
Aalborg Freja IK,,-1.8888888888888888
Aalesunds Fotballklubb,,0.25
Aalholm IF,,-10.0
Aarhus Fremad,,-0.75
Aarhus Gymnastik Forening,0.42021276595744683,0.18617021276595744
Aberdeen Football Club,0.5102739726027398,0.589041095890411
Aberystwyth Town,,-5.0
Académica Coimbra,0.26666666666666666,-0.22666666666666666
Académico Viseu FC,,0.7777777777777778
Accrington Stanley,,0.0
Achilles '29,,-0.75
Achilles Veen,,1.3
Adana Demirspor,0.42857142857142855,0.3116883116883117
Adanaspor,,-0.7058823529411765
Adelaide United Football Club,,0.3076923076923077
Aetos Loutron,,-3.0
Aetos Orfanou,,0.6666666666666666
Afips Afipskiy (-2018),,1.0
Agerbaek/Starup,,-3.0
Agrobiznes TSK Romny,,0.0
Agrobiznes Volochysk,,-0.7142857142857143
Agrotekh Tyshkivka,,0.6666666666666666
Agrotikos Asteras,,-0.25
Aias Salaminas,,-2.0
Airbus UK Broughton,,-0.6666666666666666
Airdrieonians FC,,0.15384615384615385
Aittitos Spaton,,-3.0
Ajax Amateurs,,-0.4
Akademia Togliatti (-2012),,-2.0
Akademisk Boldklub,,-1.3
Akhisarspor,0.3770491803278688,0.07377049180327869
Akron Togliatti,,-0.020833333333333332
Al Ahly FC,,-0.75
Al-Ahli Saudi Football Club,,1.6470588235294117
Al-Ain FC,,-2.0
Al-Duhail SC,,-1.0
Al-Ettifaq Football Club,,-0.2647058823529412
Al-Fateh Club,,0.029411764705882353
Al-Fayha FC,,-0.14705882352941177
Al-Hazem Sport Club,,-0.47058823529411764
Al-Hilal Saudi Football Club,,1.794871794871795
Al-Ittihad Football Club,,1.0285714285714285
Al-Jazira Club,,0.2
Al-Khaleej Club (Saihat),,-0.29411764705882354
Al-Kholood Club,,-0.5294117647058824
Al-Najma Sport Club,,-0.8823529411764706
Al-Nassr Football Club,,1.4705882352941178
Al-Okhdood Club,,-1.0294117647058822
Al-Orobah FC,,-1.0588235294117647
Al-Qadsiah Saudi Football Club,,1.3235294117647058
Al-Raed SFC,,-0.9411764705882353
Al-Riyadh Saudi Club,,-0.35294117647058826
Al-Sadd SC,,-1.0
Al-Shabab Club,,0.2647058823529412
Al-Taawoun Football Club,,0.23529411764705882
Al-Wehda FC,,-0.6470588235294118
Alania Vladikavkaz,,1.25
Alania-D Vladikavkaz,,0.3333333333333333
Alanyaspor,0.46368715083798884,0.4692737430167598
Alashkert Yerevan FC,,-0.3181818181818182
Albacete Balompié,,0.9166666666666666
Albania,,-1.0
Albion Rovers FC,,-0.7368421052631579
Albirex Niigata,,-0.75
Aldershot Town,,0.5714285714285714
Alemannia Aachen,,-2.0
Alexandroupolis FC,,0.6666666666666666
Alfreton Town,,-0.6
Algeciras CF,,0.0
Algeria,,0.3333333333333333
Alianza FC,,0.7
Alkmaar Zaanstreek,0.5868263473053892,0.9910179640718563
Alleröd FK,,-1.1111111111111112
Allesö GF,,-4.5
Allmänna Idrottsklubben,,0.5
Alloa Athletic FC,,0.5384615384615384
Almere City FC,,-1.1956521739130435
Almopos Arideas,,-2.5
Almyros Gaziou,,1.6666666666666667
Altay SK,,-0.3684210526315789
Altrincham FC,,-0.6666666666666666
Alyans Lypova Dolyna,,0.6
Amager FF,,-1.0
Amiens SC,0.34615384615384615,-0.019230769230769232
Amkal Moscow,,1.0
Amkar Perm,0.39603960396039606,0.039603960396039604
Amur-2010 Blagoveshchensk (-2014),,0.5
Anagennisi Artas,,1.0
Anagennisi Giannitson,,-1.0
Anagennisi Ierapetras,,-1.0
Anagennisi Karditsa,,-0.058823529411764705
Anagennisi Plagias,,-1.0
Anaitasuna FT,,-1.0
Angers Sporting Club de l'Ouest,0.32967032967032966,-0.13736263736263737
Angola,,-0.3333333333333333
Angusht Nazran,,0.2
Ankaraspor,0.3620689655172414,0.15517241379310345
Annan Athletic FC ,,0.4666666666666667
Anorthosis Famagusta,,0.6666666666666666
Anri Vladivostok,,-4.0
Antalyaspor,0.41739130434782606,0.12173913043478261
Antequera CF,,0.0
Anzhi Makhachkala ( -2022),0.34545454545454546,-0.07272727272727272
Apollon Efpaliou,,2.0
Apollon Kryas Vrysis,,1.0
Apollon Larisas,,-2.5
Apollon Limassol,,0.4864864864864865
Apollon Paralimniou,,0.42857142857142855
Apollon Pontou,,-0.5
Apollon Smyrnis,0.30434782608695654,-0.30434782608695654
Arandina CF,,-0.5
Ararat Moskow (-2020),,-0.2
Araz-Nakhchivan ,,-1.5
Arbejder Sport Aarhus,,-2.0
Arbroath FC,,0.125
Arda Kardzhali,,-0.25
Arenas Club,,-1.5
Argentina,,1.173913043478261
Aris Avatou,,-0.3333333333333333
Aris Limassol,,0.8888888888888888
Aris Skalas,,1.0
Aris Soudas,,1.0
Aris Thessalonikis,0.47093023255813954,0.563953488372093
Aris Voulas,,1.0
Arminia Bielefeld,0.375,-0.23214285714285715
Arosa SC,,1.0
Arroyo CP,,1.0
Arsenal Football Club,0.6756756756756757,1.2297297297297298
Arsenal Kyiv,,-0.5675675675675675
Arsenal Tivat,,-5.0
Arsenal Tula,0.34782608695652173,-0.008695652173913044
Arsenal-Kyivshchyna Bila Tserkva,,-2.0
Ascoli Calcio,,-0.125
Asociación Atlética Argentinos Juniors,,1.1333333333333333
Asociación Atlética Estudiantes,,-0.75
Asociación Deportivo Pasto,,0.6
Asociación de Fomento Deportivo Riestra Barrio Colón,,0.07692307692307693
Asociația Clubul Sportiv Campionii Fotbal Club Argeș,,0.5333333333333333
Asociația Fotbal Club Botoșani,,0.24242424242424243
Asociația Fotbal Club Hermannstadt,,-0.23333333333333334
Asociația Fotbal Club UTA Arad,,-0.2
Asociația Fotbal Club Unirea 04 Slobozia,,-0.4
Asociația Futball Klub Csíkszereda Miercurea Ciuc,,0.0625
Asociația Sportivă Fotbal Club Universitatea Cluj,,0.7096774193548387
Association Football Club Bournemouth,0.36787564766839376,0.015544041450777202
Association de la Jeunesse auxerroise,0.33962264150943394,-0.03773584905660377
Association sportive de Monaco Football Club,0.5638297872340425,0.7872340425531915
Associazione Calcio Fiorentina,0.4942528735632184,0.5862068965517241
Associazione Calcio Milan,0.5581395348837209,0.7122093023255814
Associazione Sportiva Roma,0.6404494382022472,1.0449438202247192
Associação Chapecoense de Futebol,,-0.7777777777777778
Asteras Iteas,,-1.0
Asteras Kesarianis,,0.3333333333333333
Asteras Magoulas,,0.0
Asteras Petriti,,-0.3333333333333333
Asteras Stavrou,,-0.2
Aston Villa Football Club,0.45564516129032256,0.14919354838709678
Astra Giurgiu (- 2024),,0.35
Astur CF,,-0.5
Atalanta Bergamasca Calcio S.p.a.,0.5044776119402985,0.6298507462686567
Athens Kallithea,,-0.25806451612903225
Athletic Club Bilbao,0.52046783625731,0.6023391812865497
Athlitiki Enosi Kifisias,,-0.08333333333333333
Athlitiki Enosi Konstantinoupoleos,0.6598360655737705,1.209016393442623
Athlitiki Enosi Larisas,0.33962264150943394,-0.05660377358490566
Atlanta United Football Club,,-0.12
Atlet Kyiv,,-1.0
Atletico Arezzo,,0.0
Atlètic Club d'Escaldes,,-0.8333333333333334
Atlètic Sant Just,,0.5
Atlético Astorga,,-0.6666666666666666
Atlético Bucaramanga,,1.2
Atlético CP,,-0.3333333333333333
Atlético Mancha Real,,0.0
Atlético Nacional,,0.6363636363636364
Atlético Palma del Río CF,,-0.5
Atlético Saguntino,,-0.6666666666666666
Atlético Sanluqueño CF,,-0.5
Atlético Tordesillas,,-1.0
Atlético de Lugones,,-6.0
Atom Novovoronezh,,-0.3333333333333333
Atromitos Palama,,0.5
Atzeneta UE,,0.0
Auchinleck Talbot FC,,1.0
Auckland City FC,,0.0
Auckland Football Club,,0.5769230769230769
Audace Cerignola,,-0.5
Aurora Pro Patria,,1.0
Austin FC,,0.17391304347826086
Australia,,0.3
Austria,,-0.5714285714285714
Avangard Bziv,,-2.0
Avangard Kramatorsk,,0.0
Avangard Kursk,,0.21428571428571427
Avangard Lozova,,-3.0
Avarta,,-1.4444444444444444
Avedöre IF,,-2.0
Avispa Fukuoka,,0.0
Ayr United FC,,0.4
B SAD,0.3150684931506849,-0.4520547945205479
B.1973 Herlev,,-4.0
B.73 Slagelse,,-4.0
B1908 Amager,,-1.7
B1909 Odense,,-1.7142857142857142
B1913 Odense,,-2.125
B36 Tórshavn,,-0.16666666666666666
BATE Borisov,,-0.08695652173913043
BFC Daugavpils,,-2.0
BFC Dynamo,,-3.6666666666666665
BFC Preussen,,-7.0
BFC Viktoria 89 (- 2013),,-2.0
BK Frem,,-0.875
BK Frem Saksköbing,,-5.75
BK Fremad Amager,,-1.0
BK Fremad Valby,,-2.3333333333333335
BK Häcken,,0.22727272727272727
BK Odense Chang,,-2.0
BK Rödovre,,-2.0
BK Viktoria,,-3.25
BSC Glasgow,,0.2222222222222222
BSC Hastedt,,-10.0
BSG Chemie Leipzig,,-1.0
BSV Schwarz-Weiß Rehden,,-3.3333333333333335
BVV Barendrecht,,1.0
Bagsvaerd BK,,-6.0
Bahlinger SC,,-3.0
Bahrain,,-0.5
Baikal Irkutsk,,0.3333333333333333
Bala Town,,-0.375
Balikesirspor,,-0.35294117647058826
Balkany Zorya,,-0.42857142857142855
Ballerup Skovlunde Fodbold,,-2.7142857142857144
Ballymena United FC,,-1.3333333333333333
Balzan FC,,-0.375
Banbury United,,-2.5
Bangor City,,-2.3333333333333335
Banks O' Dee FC,,1.0
Barakaldo CF ,,0.3333333333333333
Barnet FC,,-0.6923076923076923
Barnsley FC,,0.4
Barrow AFC,,-0.09090909090909091
Barry Town United,,0.0
Barwell FC,,-2.0
Basingstoke Town,,0.0
Bassano Virtus 55 ST,,1.6666666666666667
Bayer 04 Leverkusen Fußball,0.5603715170278638,0.8513931888544891
Be Quick 1887,,-2.0
Beerschot AC,,-0.9333333333333333
Beerschot VA,,-0.42857142857142855
Beitar Jerusalem,,0.3333333333333333
Beith Juniors FC,,-0.6
Belgium,,1.0
Benburb FC,,0.3333333333333333
Benevento Calcio,,-0.7346938775510204
Benin,,-1.0
Bergantiños FC,,-0.5
Berliner AK 07,,0.5
Berner Sport Club Young Boys,0.5408163265306123,0.5714285714285714
Beroe Stara Zagora,,-0.4
Berwick Rangers FC,,0.0
Beşiktaş Jimnastik Kulübü,0.6067796610169491,0.9322033898305084
Billericay Town,,-2.0
Biolog-Novokubansk Progress,,-0.07692307692307693
Birkirkara FC,,-0.38461538461538464
Birmingham City,,-0.3
Bishop's Stortford FC,,-1.0
Bispebjerg Boldklub,,-2.0
Blackburn Rovers,,0.21739130434782608
Blackburn United FC,,-1.5
Blackpool FC,,0.6470588235294118
Blau-Weiß Lohne,,-3.0
Blauw Geel '38 / Jumbo,,0.3
Blyth Spartans,,1.0
Bnei Yehuda Tel Aviv,,0.0
Bo'ness Athletic FC,,2.0
Bo'ness United FC,,0.42857142857142855
Boavista FC,0.350253807106599,-0.09137055837563451
Bodrum FK,,-0.2222222222222222
Bohemian Football Club,,1.75
"Bohemians Praha 1905, a.s.",,-0.41935483870967744
Bolbro G&IF,,-4.0
Boldklubben 1960,,-3.0
Boldklubben Marienlyst,,-0.6666666666666666
Boldklubben Skjold,,-1.75
Boldklubben Stjernen 1968,,-5.0
Boldklubben Union,,-0.5
Boldklubben Vestkysten Oksböl,,0.3333333333333333
Boldklubben af 1893,,-1.0833333333333333
Bolivia,,-2.0
Bologna Football Club 1909,0.39361702127659576,0.18439716312056736
Bolton Wanderers,,0.24
Bonner SC,,-4.0
Bonnyrigg Rose FC,,0.6923076923076923
Boreham Wood FC,,0.375
Borussia Dortmund,0.6636904761904762,1.3214285714285714
Borussia Verein für Leibesübungen 1900 Mönchengladbach,0.5054545454545455,0.6145454545454545
Bosnia-Herzegovina,,2.0
Boston United,,-1.0
Botev Plovdiv,,1.25
Botswana,,-3.0
Boyacá Chicó FC,,0.0
Brabrand IF,,-0.6666666666666666
Brackley Town,,0.42857142857142855
Bracknell Town,,-3.0
Bradford City,,0.7619047619047619
Braendekilde-Bellinge Boldklub,,-1.0
Braintree Town,,-0.4
Bramdrupdam GIF,,-5.0
Bramming Boldklub,,1.0
Brazil,,0.7619047619047619
Brechin City FC,,0.4375
Bredballe IF,,-5.5
Breidablik Kópavogur,,0.48148148148148145
Bremer SV,,-5.333333333333333
Brentford Football Club,0.42105263157894735,0.34210526315789475
Brescia Calcio,,-0.16129032258064516
Brighton and Hove Albion Football Club,0.39378238341968913,0.16062176165803108
Brisbane Roar FC,,-0.6923076923076923
Bristol City,,0.5416666666666666
Bristol Rovers,,0.35
Broager UI,,-8.0
Broke Boys Moscow,,0.3333333333333333
Bromley FC,,-1.0
Brora Rangers FC,,0.8823529411764706
Broxburn Athletic FC,,0.14285714285714285
Bryne FK,,-0.2
Bröndby Strand IK,,0.0
Brönshöj Boldklub,,-1.2
Brøndby Idrætsforening,0.5267857142857143,0.7142857142857143
Bucheon Football Club 1995,,-0.25
Buckie Thistle FC,,0.0
Budapest Honvéd FC,,0.9090909090909091
Buducnost Podgorica,,-0.5238095238095238
Bukovyna Chernivtsi,,-1.0909090909090908
Burgos CF,,-0.2857142857142857
Burkina Faso,,1.0
Burnley Football Club,0.3157894736842105,-0.2789473684210526
Burntisland Shipyard AFC,,0.0
Bursaspor,0.43902439024390244,0.4146341463414634
Burton Albion,,0.17647058823529413
Bury FC,,0.5
Buryatia Ulan-Ude,,-8.0
Buxton FC,,0.6666666666666666
CA Cirbonero,,-0.3333333333333333
CA Pulpileño,,-1.0
CA San Martín (San Juan),,-0.5
CB Ramón y Cajal,,-1.0
CBS Sport,,-4.0
CD Alcoyano,,0.42857142857142855
CD Aldeano,,-2.0
CD Alfaro,,-1.5
CD Algar,,-1.0
CD América de Cali,,0.6
CD Arenteiro,,-0.6
CD Arnedo,,-0.5
CD Atlético Baleares,,0.8571428571428571
CD Atlético Paso,,-0.3333333333333333
CD Autol,,-2.5
CD Azuaga,,-2.0
CD Badajoz,,-0.25
CD Becerril,,-3.5
CD Boiro,,-3.0
CD Brea,,-2.0
CD Buñol,,-1.0
CD Calahorra,,0.625
CD Cantolagua,,-5.0
CD Cardassar,,-1.0
CD Castellón,,-0.6666666666666666
CD Cayón,,-2.5
CD Cazalegas,,-1.0
CD Cieza,,0.0
CD Coria,,-1.75
CD Cortes,,-2.0
CD Cova Piedade,,1.0
CD Covadonga,,-2.0
CD Cuarte,,-2.0
CD Diocesano,,-0.5
CD Don Benito,,-1.0
CD Ebro,,-0.3
CD El Palo,,-2.0
CD El Álamo,,0.0
CD Eldense,,-1.1666666666666667
CD Estepona FS,,-0.6666666666666666
CD Extremadura 1924,,-1.0
CD Feirense,0.375,-0.25
CD Fuentes,,-3.0
CD Getxo,,-3.5
CD Godoy Cruz Antonio Tomba,,0.16666666666666666
CD Guadalajara,,-0.6666666666666666
CD Guijuelo,,-1.0
CD Gévora,,-2.0
CD Hernán Cortés,,-4.5
CD Huracán Melilla,,-3.5
CD Huétor Tájar,,-3.0
CD Ibiza Islas Pitiusas,,-0.6666666666666666
CD Izarra,,1.5
CD Laguna,,-2.0
CD Laredo,,-0.8
CD Laudio,,0.0
CD Lealtad,,-1.3333333333333333
CD Leganés,0.36283185840707965,-0.07079646017699115
CD Lugo,,0.0
CD Mafra,,0.25
CD Manacor,,-2.5
CD Manchego Ciudad Real,,-2.0
CD Marchamalo,,-1.0
CD Marino,,-1.0
CD Mensajero,,-1.3333333333333333
CD Mirandés,,0.0
CD Monte Santander,,-1.0
CD Móstoles URJC,,-3.0
CD Numancia,,-0.4
CD Ourense,,1.0
CD Palencia Cristo Atlético,,-0.3333333333333333
CD Peña Azagresa,,-2.0
CD Pradejón,,-1.0
CD Puertollano,,-3.0
CD Quintanar de la Orden,,-1.0
CD Quintanar del Rey,,-0.5
CD Ribadumia,,-2.0
CD Rincón,,-2.5
CD Roda,,-4.0
CD San Roque de Lepe,,-2.0
CD Sant Jordi,,-2.0
CD Santa Amalia,,-4.0
CD Sariñena,,1.0
CD Tenerife,,-0.5
CD Teruel,,-1.0
CD Toledo,,0.3333333333333333
CD Trofense,,-0.375
CD Tropezón,,-1.5
CD Tudelano,,-1.0
CD Tuilla,,-3.0
CD Unión Malacitano,,-2.0
CD Ursaria,,-1.0
CD Utrera,,-1.0
CD Utrillas,,-0.5
CD Valle de Egüés,,-2.0
CD Varea,,-2.6666666666666665
CD Villa de Fortuna,,-3.0
CD Villamuriel,,-2.0
CD Yuncos,,-1.5
CD l’Alcora,,-3.0
CDA Navalcarnero,,-0.7777777777777778
CE Andratx,,0.0
CE Atlètic Lleida,,-1.0
CE Constància,,0.75
CE Europa,,-0.75
CE L'Hospitalet,,-1.375
CE Manresa,,-1.5
CE Sabadell FC,,-1.5
CF Badalona,,0.0
CF Badalona Futur,,-2.0
CF Campanario,,0.0
CF Fuenlabrada,,-0.4
CF Illueca,,-2.0
CF Independiente Alicante,,1.0
CF Inter de Valdemoro,,-5.5
CF Intercity,,0.25
CF La Nucía,,-1.0
CF Lorca Deportiva,,-1.6
CF Montañesa,,-1.0
CF Os Belenenses,0.3465346534653465,-0.039603960396039604
CF Panadería Pulido,,-4.0
CF Rayo Majadahonda,,-1.375
CF Reus Deportiu,,0.25
CF Rusadir,,-1.0
CF San Agustín,,0.0
CF Talavera de la Reina,,-0.3
CF Tardienta,,-5.5
CF União Madeira (-2021),,0.3103448275862069
CF Villanovense,,0.25
CF Vimenor,,-2.0
CFJ Mollerussa,,-0.75
CP Cacereño,,-0.1
CP Mijas Las Lagunas,,-1.0
CP Parla Escuela - Fair Play,,-1.0
CP Villarrobledo,,-2.0
CS Fola Esch,,-0.8
CS Grevenmacher,,0.0
CS Marítimo,0.41706161137440756,0.1848341232227488
CSF Speranta Nisporeni (- 2021),,-3.0
CSKA 1948,,0.3333333333333333
CSKA-Sofia,,0.7083333333333334
CSV Apeldoorn,,-1.0
Caernarfon Town,,-1.5
Cagliari Calcio,0.3944223107569721,-0.06772908366533864
Calcio Como,,0.7727272727272727
Calcio Padova,,0.25
Calcio Portogruaro-Summaga,,2.0
Caledonian Braves FC,,0.0
Calvo Sotelo Puertollano CF,,-4.0
Cambridge City,,0.0
Cambridge United,,0.38461538461538464
Camelon Juniors FC,,-0.16666666666666666
Cameroon,,-1.125
Canada,,-0.6666666666666666
Canvey Island FC,,-3.0
Cardiff City,0.3090909090909091,-0.6
Cardiff Metropolitan University,,1.0
Carlisle United,,-0.16666666666666666
Carnoustie Panmure JFC,,0.0
Carrarese Calcio 1908,,0.8333333333333334
Carshalton Athletic,,-3.0
Casa Pia Atlético Clube,0.3026315789473684,-0.14473684210526316
Casertana FC,,1.3333333333333333
Catania FC,,0.5
Catarroja CF,,-2.0
Caudal Deportivo,,0.8
Ceará Sporting Club,,0.10526315789473684
Cefn Druids,,0.0
Central Coast Mariners Football Club,,-0.5384615384615384
Cercle Brugge Koninklijke Sportvereniging,0.36666666666666664,-0.09444444444444444
Cerezo Osaka,,0.0
Cesena FC,,0.16666666666666666
Ceuta 6 de Junio,,-3.0
Charlotte Football Club,,1.0
Charlton Athletic,,0.3333333333333333
Chayka Peschanokopskoye,,-0.15384615384615385
Chayka Petropavlivska Borshchagivka,,-1.6666666666666667
Chelmsford City,,0.5
Chelsea Football Club,0.618798955613577,1.1044386422976502
Cheltenham Town,,0.2857142857142857
Chemnitzer FC,,-1.75
Cherkaskyi Dnipro,,-0.3076923076923077
Cherno More Varna,,-0.6666666666666666
Chernomorets Novorossijsk,,0.21739130434782608
Chertanovo Moscow,,-0.125
Chesham United,,-3.0
Chester FC,,-1.5
Chesterfield FC,,0.25
Chicago Fire Soccer Club,,0.28
Chiclana CF,,-2.0
Chievo Verona,0.3082191780821918,-0.08904109589041095
Chikhura Sachkhere,,0.09090909090909091
Chile,,0.25
China,,0.0
Chippenham Town ,,-1.0
Chorley FC,,0.0
Chornomorets Odesa,0.33136094674556216,-0.1952662721893491
Christiansbjerg IF,,-5.5
Città di Teramo 1913,,-2.0
Ciudad Lucena,,-3.3333333333333335
Civil Service Strollers FC,,-1.4444444444444444
Clachnacuddin FC,,-1.0
Clermont Foot 63,0.2909090909090909,-0.5818181818181818
Cliftonville FC,,-0.36363636363636365
Club Atlético Aldosivi,,-0.8
Club Atlético Antoniano,,-0.8
Club Atlético Banfield,,0.42857142857142855
Club Atlético Barracas Central,,0.26666666666666666
Club Atlético Belgrano,,0.2
Club Atlético Boca Juniors,,1.0
Club Atlético Central Córdoba,,0.13333333333333333
Club Atlético Gimnasia y Esgrima de Mendoza,,0.125
Club Atlético Huracán,,0.6666666666666666
Club Atlético Independiente de Avellaneda,,1.2857142857142858
Club Atlético Lanús,,0.5333333333333333
Club Atlético Newell’s Old Boys,,-0.15384615384615385
Club Atlético Osasuna,0.3712871287128713,-0.12376237623762376
Club Atlético Platense,,-0.15384615384615385
Club Atlético River Plate,,0.3333333333333333
Club Atlético Rosario Central,,0.8666666666666667
Club Atlético San Lorenzo de Almagro,,0.13333333333333333
Club Atlético Sarmiento,,0.14285714285714285
Club Atlético Talleres,,0.23076923076923078
Club Atlético Tigre,,0.08333333333333333
Club Atlético Tucumán,,0.23076923076923078
Club Atlético Unión,,0.5333333333333333
Club Atlético Vélez Sársfield,,-0.3076923076923077
Club Atlético de Madrid S.A.D.,0.713903743315508,1.267379679144385
Club Atlético de San Luis,,0.07142857142857142
Club Brugge Koninklijke Voetbalvereniging,0.6416382252559727,1.1911262798634812
Club Deportivo Guadalajara S. A. de C. V.,,1.5
Club Estudiantes de La Plata,,0.7692307692307693
Club Football Estrela da Amadora,0.2909090909090909,-0.2727272727272727
Club Internacional de Fútbol Miami,,0.88
Club León Fútbol Club,,0.0
Club Lleida Esportiu,,-0.14285714285714285
Club Portugalete,,-0.6666666666666666
Club Rápido de Bouzas,,-4.0
Club Santos Laguna S. A. de C. V.,,-0.25
Club Social y Deportivo Defensa y Justicia,,-0.21428571428571427
Club Sportivo Independiente Rivadavia,,0.9230769230769231
Club Tigres UANL Sinergia Deportiva S.A. de C.V.,,1.1333333333333333
Club Tijuana Xoloitzcuintles de Caliente,,-0.06666666666666667
Club Universidad Nacional A. C.,,0.46153846153846156
Club de Foot Montréal,,-0.6956521739130435
Club de Futbol América S. A. de C. V.,,0.11764705882352941
Club de Futbol Puebla de La Franja,,-0.8333333333333334
Club de Futbol Rojinegros S.A. de C.V.,,-0.06666666666666667
Club de Fútbol Cruz Azul S.A. de C.V.,,0.6875
Club de Fútbol Monterrey Rayados A.C.,,0.15789473684210525
Club de Gimnasia y Esgrima La Plata,,-0.13333333333333333
Club de Regatas Vasco da Gama,,0.13793103448275862
Clube Atlético Mineiro,,0.48148148148148145
Clube Atlético Paranaense,,1.1
Clube Desportivo Nacional,0.36809815950920244,-0.049079754601226995
Clube Desportivo Santa Clara,0.41304347826086957,0.07971014492753623
Clube Desportivo de Tondela,0.28378378378378377,-0.3310810810810811
Clube Oriental Lissabon,,0.42857142857142855
Clube de Regatas do Flamengo,,1.5625
Clube do Remo,,0.0
Clyde FC,,-0.16666666666666666
Clydebank FC,,2.2
Colchester United,,-0.6923076923076923
Coldstream FC,,-4.5
Coleraine FC,,-1.0
Colombia,,1.625
Colorado Rapids,,0.43478260869565216
Columbus Crew,,0.5
Colville Park AFC,,0.5
Comillas CF,,-2.0
Comoros,,0.0
Composite Pavlovskiy Posad,,2.5
Concord Rangers,,-1.0
Condal Club,,-3.0
Connah's Quay Nomads,,-0.75
Corby Town,,-1.0
Coritiba Foot Ball Club,,0.25
Cork City FC,,-0.4444444444444444
Coruxo FC,,-2.3333333333333335
Corvinul Hunedoara,,-1.0
Cosenza Calcio,,0.0
Costa Rica,,-0.16666666666666666
Cove Rangers FC,,1.75
Coventry City,,1.0454545454545454
Cowdenbeath FC,,-0.0625
Crawley Town,,-0.23076923076923078
Cray Valley Paper Mills,,-5.0
Crewe Alexandra,,-0.6470588235294118
Croatia,,0.3157894736842105
Crusaders FC,,-0.058823529411764705
Cruzeiro Esporte Clube,,0.8620689655172413
Crystal Palace Football Club,0.36823104693140796,0.021660649819494584
Culter FC,,1.3333333333333333
Cultural Leonesa,,-0.23529411764705882
Cumbernauld Colts FC,,-0.7777777777777778
Cumnock Juniors FC,,-2.0
Curzon Ashton,,-0.8
Czech Republic,,-1.1
Cádiz CF,0.2967032967032967,-0.32967032967032966
Córdoba CF,,-0.7058823529411765
D.C. United,,-0.9583333333333334
DAC Dunajska Streda,,-0.09090909090909091
DOS '37 Vriezenveen,,5.0
DOS Kampen,,0.0
DOSKO Bergen op Zoom,,-1.0
DTS '35 Ede,,3.0
DVS '33 Ermelo,,-0.46153846153846156
Dacia Chisinau,,0.25
Daegu FC,,0.3333333333333333
Dagdiesel Kaspijsk,,0.6666666666666666
Dagenham & Redbridge FC,,0.14285714285714285
Dalbeattie Star FC,,-1.75
Dalkeith Thistle FC,,-1.6666666666666667
Dalstroyindustriya Komsomolsk-na-Amure,,0.5
Dalum IF,,-1.5
Damac Football Club,,-0.14705882352941177
Darlington FC,,-1.0
Dartford FC,,-3.5
Darvel FC,,0.8
Daugava Daugavpils,,-1.6666666666666667
De Graafschap Doetinchem,,-0.21739130434782608
De Treffers,,-0.058823529411764705
Debreceni VSC,,0.25
Degerfors IF,,-1.0
Delfino Pescara 1936,,-0.6530612244897959
Delin Izhevsk,,-1.3333333333333333
Democratic Republic of the Congo,,1.0
Dengoff Denykhivka,,-0.5
Denizlispor,,-0.5675675675675675
Denmark,,-0.6
Deportes Tolima,,0.7
Deportiva Minera,,-1.5
Deportivo Alavés S. A. D.,0.4,0.0
Deportivo Cali,,-0.6
Deportivo Murcia FC,,-10.0
Deportivo Pereira,,-0.4
"Deportivo Toluca Futbol Club, S. A. de C. V.",,1.5384615384615385
Deportivo de La Coruña,0.26851851851851855,-0.3055555555555556
Derby County,,0.0
Derry City,,-0.4
Desna Chernigiv,0.42105263157894735,0.17543859649122806
Desportivo Aves (- 2020),0.3114754098360656,-0.26229508196721313
Deveronvale FC,,-0.45454545454545453
Diagoras Rodou,,-1.25
Diagoras Vrachneikon,,0.3333333333333333
Dianalund IF,,-8.0
Didcot Town FC,,-3.0
Dijon FCO,0.34444444444444444,-0.17777777777777778
Dinamo Barnaul,,0.42857142857142855
Dinamo Batumi,,-0.2
Dinamo Bryansk,,-0.14285714285714285
Dinamo Kirov,,0.3333333333333333
Dinamo Kostroma (-2022),,-0.8
Dinamo Makhachkala,,0.10256410256410256
Dinamo Minsk,,0.34210526315789475
Dinamo St. Petersburg,,0.42857142857142855
Dinamo Stavropol,,0.2857142857142857
Dinamo Tbilisi,,-0.15789473684210525
Dinamo Vladivostok,,1.0
Dinamo Vologda,,-0.25
Dinaz Vyshgorod,,-1.2
Diósgyőri VTK,,-1.3333333333333333
Djurgårdens Idrottsförening,,0.7804878048780488
Dnepr Smolensk,,-0.5
Dnipro Cherkasy,,-5.0
Dnipro Dnipropetrovsk (-2020),0.6116504854368932,1.0097087378640777
Doncaster Rovers,,0.35294117647058826
Dorchester Town,,1.0
Dover Athletic,,-1.0
Doxa Artas,,2.0
Doxa Dramas,,-3.0
Doxa Kranoulas,,-2.0
Doxa Neou Sidirochoriou,,-1.0
Doxa Volaka,,-2.0
Dragör Boldklub,,-4.5
Drogheda United FC,,0.0
Dronninglund IF,,-3.0
Drumchapel United FC,,2.0
Druzhba Maikop,,-0.3
Druzhba Myrivka,,-1.0
Dulwich Hamlet,,-3.0
Dumbarton FC,,0.3
Dunav Ruse,,-2.0
Dunbar United FC,,0.3333333333333333
Dundalk FC,,0.041666666666666664
Dundee Football Club,0.27835051546391754,-0.32989690721649484
Dundee North End FC,,1.6666666666666667
Dundee United Football Club,0.4022346368715084,0.055865921787709494
Dundonald Bluebell JFC,,0.0
Dunfermline Athletic FC,,0.6428571428571429
Dungannon Swifts FC,,-3.0
Dunipace FC,,1.0
Dynamo Brest,,-0.25
Dynamo Khmelnytskyi (-2013),,-2.0
Döllefjelde-Musse IF,,-5.0
EA Guingamp,0.4152542372881356,0.1694915254237288
EB/Streymur,,1.3333333333333333
EG El Palmar CF,,-1.0
EHC Hoensbroek,,0.0
ES Sétif,,0.0
ESTAC Troyes,0.21052631578947367,-0.4
ETO FC,,0.0
EVV Echt,,0.5
East Fife FC,,0.23076923076923078
East Kilbride FC,,1.2666666666666666
East Stirlingshire FC,,0.3333333333333333
Eastbourne Borough,,-3.0
Easthouses Lily Miners Welfare FC,,-5.0
Eastleigh FC,,0.2727272727272727
Ebbsfleet United,,-1.0
Ecuador,,0.0
Edinburgh City FC,,0.5789473684210527
Egeas Plomariou,,1.0
Egen UI,,-2.25
Eginiakos,,-1.1818181818181819
Egypt,,0.3333333333333333
Eindhovense Voetbalvereniging Philips Sport Vereniging,0.7393939393939394,1.690909090909091
Einheit Wernigerode,,-10.0
Eintracht Braunschweig,,-0.6296296296296297
Eintracht Frankfurt Fußball AG,0.4782608695652174,0.5050167224080268
Eintracht Norderstedt,,-3.2
Elazigspor,,-0.029411764705882353
Elche Club de Fútbol S.A.D.,0.31496062992125984,-0.18110236220472442
Electron Velikiy Novgorod,,0.5
Elgin City FC,,0.7391304347826086
Ellas Syros,,0.3333333333333333
Energia Volzhsky (-2014),,-2.0
Energiya Nova Kakhovka,,-2.125
Energomash Belgorod (-2018),,0.4
Enerhiya Mykolaiv,,-4.0
England,,0.68
Enisey Krasnoyarsk,,-0.034482758620689655
Enosi Aspropyrgou,,-2.0
Envigado FC,,-0.4
Eolikos Mytilinis,,0.5
Epicentr Dunaivtsi,,0.22727272727272727
Equatorial Guinea,,-1.5
Erani Filiatron,,0.5
Ermis Amynteou,,-2.2
Ermis Aradippou,,-2.0
Ermis Kanaliou,,-3.0
Ermis Meligous,,3.0
Erzurumspor FK,,-0.3783783783783784
Esbjerg fB,0.3870967741935484,0.12096774193548387
Eskisehirspor,0.38571428571428573,0.11428571428571428
Esperance Tunis,,-1.6666666666666667
Esporte Clube Bahia,,0.8214285714285714
Esporte Clube Juventude,,-0.2631578947368421
Esporte Clube Vitória,,0.6296296296296297
Ethnikos Alexandroupolis,,-7.0
Ethnikos Asteras,,-3.0
Ethnikos Piraeus,,1.0
Ethnikos Sidirokastrou,,-1.0
Ethnikos Skoulikadou,,-2.0
Ethnikos Sochou,,2.0
Europa FC,,-0.5454545454545454
Everton Football Club,0.4684385382059801,0.36212624584717606
Excelsior '31 Rijssen,,0.4
Excelsior Maassluis,,-1.3636363636363635
Excelsior Rotterdam,0.31125827814569534,-0.25165562913907286
Exeter City,,0.45454545454545453
Extremadura UD,,0.0
Eyüp Spor Kulübü,,0.22857142857142856
F.C. Gladsaxe,,-2.0
F.C.V. Farul Constanța SA,,0.35
F91 Dudelange,,-0.09090909090909091
FA 2000,,-3.0
FA Siauliai,,-2.0
FAS Naousa,,-0.6666666666666666
FC 's-Gravenzande,,-1.6666666666666667
FC 08 Homburg,,-1.0
FC 08 Villingen,,-3.0
FC Aalsmeer,,-2.0
FC Admira Wacker Mödling,,0.0
FC Andorra,,0.0
FC Ararat Yerevan,,0.0
FC Ararat-Armenia ,,0.2
FC Ashdod,,-1.0
FC Astana,0.49122807017543857,0.43859649122807015
FC Astrakhan,,-0.09090909090909091
FC Avrasya,,-18.0
FC Ballkani,,0.8421052631578947
FC Baník Ostrava a.s.,,0.45714285714285713
FC Basel 1893 AG,0.5514018691588785,0.8037383177570093
FC Bayern München,0.7959770114942529,2.1954022988505746
FC BiH Odense,,-4.0
FC Bruno's Magpies,,-0.2
FC Carl Zeiss Jena,,-2.1818181818181817
FC Cartagena,,-0.8666666666666667
FC Cherepovets,,-0.5
FC Chernigiv,,0.0
FC Crotone,0.36764705882352944,-0.1323529411764706
FC Culpa,,-0.5
FC Dallas,,0.07692307692307693
FC De Bilt,,-2.0
FC Den Bosch,,-1.4166666666666667
FC Differdange 03,,0.16666666666666666
FC Dila Gori,,0.2
FC Dinamo City,,0.6666666666666666
FC Djursland,,-2.4
FC Dordrecht,,-1.125
FC Drita,,-0.3
FC ESPM,,-3.0
FC Eindhoven,,-1.0
FC Emmen,0.323943661971831,-0.28169014084507044
FC Empoli,0.3333333333333333,-0.1871345029239766
FC Energie Cottbus,,-2.3
FC Erzgebirge Aue,,-0.625
FC Flora Tallinn,,-0.32
FC Gagra,,0.0
FC Girondins Bordeaux,0.43902439024390244,0.2780487804878049
FC Graesrödderne,,-2.0
FC Gütersloh,,-3.5
FC Haka,,0.0
FC Halifax Town,,-0.75
FC Hansa Rostock,,-1.5454545454545454
FC Hegelmann,,-3.5
FC Helsingör,,-0.7727272727272727
FC Hennef 05,,-6.0
FC Honka,,-0.4
FC Horsens,,-5.0
FC Hradec Králové a.s.,,0.4666666666666667
FC Ingolstadt 04,,-0.2564102564102564
FC Inter Turku,,-0.6
FC Irkutsk ,,-0.5555555555555556
FC Kaluga,,0.2857142857142857
FC Kalundborg,,-5.333333333333333
FC Khimki (-2025),0.39285714285714285,-0.05952380952380952
FC Kolomna,,-0.5
FC Koper,,0.2857142857142857
FC Kosice,,-1.0
FC Kulykiv-Bilka,,-0.5
FC Lahti,,-1.5
FC Leningradets ,,1.1111111111111112
FC Lienden,,-1.5
FC Lisse,,-1.1764705882352942
FC Locomotive Tbilisi,,1.0
FC Luftëtari (- 2020),,0.0
FC Lugano,0.43859649122807015,0.22807017543859648
FC Lusitanos,,-0.75
FC Luzern,,0.2391304347826087
FC Malisheva,,0.0
FC Milsami Orhei,,-0.35
FC Minaj,0.2833333333333333,-0.31666666666666665
FC Murom,,-1.2857142857142858
FC Mykolaiv,,1.0
FC Nakskov,,-4.285714285714286
FC Noah Yerevan,,1.0625
FC Novokuznetsk,,-0.5
FC Nyhavn,,-4.0
FC Nöttingen,,-3.0
FC Oberneuland,,-6.0
FC Oleksandriya,0.43478260869565216,0.17391304347826086
FC Orel,,-0.5
FC Orenburg,0.41044776119402987,0.08208955223880597
FC Pasching,,-1.0
FC Pavia 1911,,3.0
FC Paços de Ferreira,0.38095238095238093,-0.08994708994708994
FC Penafiel,,-0.6176470588235294
FC Petrocub Hincesti,,-0.5555555555555556
FC Prishtina,,0.7
FC Pro Vercelli 1892,,0.2
FC Progrès Niederkorn,,0.14285714285714285
FC Pyunik Yerevan,,0.1
FC RFS,,0.0
FC Rijnvogels,,-1.75
FC Roskilde,,-1.1666666666666667
FC Rubin Kazan,0.45021645021645024,0.24675324675324675
FC Rudersdal,,-3.6666666666666665
FC Rukh Lviv,0.2808988764044944,-0.056179775280898875
FC Ryazan,,0.6153846153846154
FC Saburtalo,,-0.7777777777777778
FC Samtredia,,-0.3333333333333333
FC Santa Coloma,,-0.1111111111111111
FC Santos Tartu,,-7.0
FC Saxan Ceadir-Lunga,,-2.0
FC Schalke 04,0.4423076923076923,0.125
FC Schönberg 95,,-5.0
FC Shakhtar Donetsk,0.6944444444444444,1.4548611111111112
FC Sheriff Tiraspol,0.423728813559322,0.06779661016949153
FC Shirak Gyumri,,0.0
FC Shkupi,,-0.4
FC Sion,,0.5853658536585366
FC Skanderborg,,-1.3333333333333333
FC Slovan Liberec,0.44642857142857145,0.4107142857142857
FC Sochaux-Montbéliard,,0.02631578947368421
FC Spaeri Tbilisi,,-5.0
FC St. Gallen 1879,,0.48936170212765956
FC Stumbras Kaunas (- 2019),,1.0
FC Sunshine,,-3.0
FC Svendborg,,-2.25
FC Sydvest 05,,-1.25
FC Sönderborg,,-4.5
FC Südtirol,,0.8571428571428571
FC Teutonia 05 Ottensen,,-6.0
FC Thun,,0.6896551724137931
FC Tiraspol,,-1.0
FC Tosno (-2018),,0.2
FC Trinity Zlin,,-0.16666666666666666
FC Trostyanets,,0.3333333333333333
FC Tskhinvali,,-2.0
FC Tuapse ( -2022),,-2.0
FC Tver,,-0.75
FC UNA Strassen,,-0.5
FC Udfordringen,,-8.0
FC Ulisses Yerevan,,-1.5
FC United of Manchester,,-3.5
FC Urartu Yerevan,,-1.0
FC Uzhgorod,,-1.0
FC Vaduz,,0.1111111111111111
FC Vaslui,,-2.5
FC Verbroedering Denderhoutem Denderleeuw Eendracht Hekelgem,,-0.696969696969697
FC Veris Chisinau,,0.0
FC Vestsjaelland,,-0.2
FC Viktoria 1889 Berlin,,-2.3333333333333335
FC Viktoria Köln,,-1.9
"FC Viktoria Plzeň, a.s.",0.6019417475728155,0.8543689320388349
FC Vitebsk,,0.0
FC Vizela,0.2545454545454545,-0.3090909090909091
FC Westfields,,0.0
FC Winterswijk,,0.5
FC Zestafoni,,0.0
FC Zimbru Chisinau,,-0.6666666666666666
FC Zorya Lugansk,0.46846846846846846,0.4369369369369369
FC Zürich,0.38596491228070173,-0.17543859649122806
FC-Astoria Walldorf,,-1.0
FCI Levadia,,0.23809523809523808
FCI Tallinn,,-1.5
FH Hafnarfjördur,,-0.05263157894736842
FIUK Odense,,-6.333333333333333
FK Aktobe,,0.23529411764705882
FK Atlantas Klaipeda (-2020),,-0.6
FK Auda,,0.6
FK Avtofavorit Pskov,,-2.0
FK Baku,,0.0
FK Baltika,,0.16
FK Banga Gargzdai,,-1.0
FK Belogorsk,,-1.0
FK Blagoveshchensk,,-2.5
FK Bokelj,,0.0
FK Borac Banja Luka,,0.058823529411764705
FK Bucha,,-1.0
FK Celik Niksic,,-2.5
FK Chelyabinsk,,0.0
FK Chita (-2022),,0.0
FK Daugava Riga,,-3.0
FK Decic Tuzi,,-0.2857142857142857
FK Dinamo Moskva,0.5,0.5745614035087719
FK Dolgoprudnyi,,-1.0
FK Domodedovo (-2017),,0.0
FK Dukla Praha a.s.,,-0.5333333333333333
FK Ekranas Panevezys (- 2014),,-1.8
FK Essentuki (-2023),,-3.0
FK Gomel,,0.25
FK Gubkin (-2013),,0.3333333333333333
FK Gvardeyets Skvortsovo,,-2.0
FK Haugesund,,-0.7727272727272727
FK Horizont Turnovo,,0.0
FK Inter Baku,,0.2857142857142857
FK Iskra Danilovgrad,,-1.0
FK Jablonec a.s.,,0.6511627906976745
FK Jagodina,,-1.0
FK Jedinstvo Ub,,-0.6666666666666666
FK Jelgava,,0.14285714285714285
FK Kalush,,0.0
FK Karlivka,,1.0
FK Karpaty Lviv,,0.6764705882352942
FK Kauno Zalgiris,,-0.5
FK Kolos Kovalivka,0.3069306930693069,-0.1485148514851485
FK Krasava (-2022),,1.0
FK Krasnodar,0.6,0.9309090909090909
FK Kruoja Pakruojis (-2015),,-2.0
FK Kryvbas Kryvyi Rig,0.525,0.525
FK Kudrivka (- 2024),,1.0
FK Kudrivka-1,,-0.17647058823529413
FK Kukësi,,-0.23529411764705882
FK Liepaja,,-0.6363636363636364
FK Lovcen Cetinje,,-1.0
FK Mariupol,0.32710280373831774,-0.29906542056074764
FK Metalurg Zaporizhya,,-1.5
FK Minsk,,-0.3333333333333333
"FK Mladá Boleslav, a.s.",,0.043478260869565216
FK Mornar Bar,,1.0
FK Nikopol,,-1.25
FK Nizhny Novgorod,0.3404255319148936,-0.3191489361702128
FK Obolon Kyiv,0.23214285714285715,-0.6785714285714286
FK Odessa,,1.0
FK Panevezys,,-0.75
FK Pardubice,,-0.43333333333333335
FK Partizani,,-0.21052631578947367
FK Pirmasens,,-2.0
FK Piter St. Petersburg (-2013),,1.0
FK Podgorica,,1.0
FK Podolje ( - 2015),,-1.0
FK Polissya Zhytomyr,0.43636363636363634,0.36363636363636365
FK Poltava (-2018),,-0.5
FK Pskov,,-1.0
FK Qabala,,-0.09523809523809523
FK Radnik Bijeljina,,0.0
FK Radnički 1923 Kragujevac,,0.3125
FK Rostov,0.46774193548387094,0.3588709677419355
FK Sabail,,-1.0
FK Sarajevo,,-0.42857142857142855
FK Saransk ( -2022),,0.3333333333333333
FK Senica (- 2022),,-0.3333333333333333
FK Sevastopol ,,-0.5
FK Sevastopol (- 2014),,0.5
FK Sfîntul Gheorghe Suruceni (- 2023),,-1.0
FK Siauliai (-2016),,1.0
FK Skoruk,,0.0
FK Sloboda Tuzla,,0.0
FK Smolensk (-2021),,1.0
FK Sochi,0.41509433962264153,0.3490566037735849
FK Sochi (bis 2017),,-1.0
FK Spartak Moskva,0.5610687022900763,0.6679389312977099
FK Spartaks Jurmala,,0.2857142857142857
FK Suduva Marijampole,,0.0
FK Sumy,,-1.0
FK Sutjeska Niksic,,-0.5294117647058824
FK Tekstilac Odzaci,,-0.6
"FK Teplice, a.s.",,-0.13333333333333333
FK Ternopil,,-0.375
FK Trakai,,0.5833333333333334
FK TransINVEST,,-1.0
FK Tuzla City,,1.0
FK Tyumen,,0.7619047619047619
FK Ufa,0.3357664233576642,-0.021897810218978103
FK Utopia,,-2.0
FK Velez Mostar,,-0.4
FK Vovchansk,,-1.0
FK Zalgiris Vilnius,,-0.15151515151515152
FK Zeljeznicar Sarajevo,,0.14285714285714285
FK Zeta Golubovac,,-1.3333333333333333
FS Kozani,,0.4
FSV Frankfurt,,-1.75
FSV Optik Rathenow,,-2.0
FSV Salmrohr,,-5.5
FSV Union Fürstenwalde,,-3.0
FSV Wacker Nordhausen,,-3.0
FSV Zwickau,,-1.0
FShM Moskau ,,-1.0
FT Braunschweig,,-4.0
FV Engers 07,,-4.666666666666667
FV Illertissen,,-1.5
FV Ravensburg,,-2.0
FVC Leeuwarden,,-1.0
Faarvang IF,,-1.0
Fagiano Okayama Sports Club,,0.0
Fakel Voronezh,0.2153846153846154,-0.3076923076923077
Falkirk Football & Athletic Club,,0.3333333333333333
Fankom Kirov,,-1.0
Farsö Ullits IK,,-1.0
Fatih Karagümrük Sportif Faaliyetler San. Tic. A.Ş.,0.46236559139784944,0.5591397849462365
Fazenda Chernivtsi,,0.0
Fenerbahçe Spor Kulübü,0.6421725239616614,1.0511182108626198
Feniks Pidmonastyr,,-1.0
Feniks-Mariupol,,-0.6666666666666666
Feralpisalò,,1.3333333333333333
Ferencvárosi TC,0.5081967213114754,0.47540983606557374
Feyenoord Rotterdam,0.69375,1.359375
Finland,,-1.5
Fjordager IF,,-3.5
Flamurtari FC,,-1.3333333333333333
Fleetwood Town,,0.6111111111111112
Flevo Boys Emmeloord,,-1.25
Floriana FC,,-0.6666666666666666
Fluminense Football Club,,0.9090909090909091
Fodbold Club Fredericia,,-0.20689655172413793
Fodbold Club Midtjylland,0.6196078431372549,0.9607843137254902
Fodbold Club Nordsjælland,0.5190476190476191,0.6428571428571429
Foggia Calcio,,0.3333333333333333
Football Club Anyang,,-0.0625
Football Club Cincinnati,,0.5833333333333334
Football Club Groningen,0.4152542372881356,0.2542372881355932
Football Club Internazionale Milano S.p.A.,0.631578947368421,1.0443213296398892
Football Club København,0.6258741258741258,1.0314685314685315
Football Club Lausanne-Sport,,0.46511627906976744
Football Club Lorient-Bretagne Sud,0.4032258064516129,0.13440860215053763
Football Club Pohang Steelers,,-0.16
Football Club Seoul,,0.625
Football Club Twente,0.5119047619047619,0.6626984126984127
Football Club Utrecht,0.5175097276264592,0.5603112840466926
Football Club Volendam,0.3770491803278688,-0.47540983606557374
Football Club de Metz,0.23776223776223776,-0.5384615384615384
Football Club de Nantes,0.3541666666666667,-0.09583333333333334
Forest Green Rovers ,,-0.3
Forfar Athletic FC,,0.11764705882352941
Formartine United FC,,-0.05555555555555555
Forres Mechanics FC,,-0.3333333333333333
Fort William FC,,-1.8571428571428572
Fortaleza CEIF,,0.9
Fortaleza Esporte Clube,,0.0
Forte Taganrog,,-0.125
Fortuna Düsseldorf,0.36363636363636365,-0.2909090909090909
Fortuna Sittardia Combinatie,0.39436619718309857,-0.07042253521126761
Fotbal Club CFR 1907 Cluj SA,0.5324675324675324,0.5714285714285714
Fotbal Club Metaloglobus București SA,,-0.8666666666666667
Fotbal Club Petrolul Ploiești,,0.16666666666666666
Fotbal Club Rapid 1923 SA,,0.78125
Fotballklubben Bodø/Glimt,0.7692307692307693,2.0153846153846153
Foundation Coorperation Hana Financial Group Inc. Football Club,,-0.2631578947368421
Fram Reykjavík,,-1.0
France,,0.8148148148148148
Fraserburgh FC,,0.7222222222222222
Fredensborg BI,,-2.0
Fredericia fF,,-8.0
Frederiksberg Boldklub,,-1.5
Frederikshavn fI,,-1.0
Frederikssund IK,,-2.6666666666666665
Fredrikstad Fotballklubb,,0.4090909090909091
Frosinone Calcio,0.29411764705882354,-0.45588235294117646
Fudbalski Klub IMT Novi Beograd,,-0.06666666666666667
Fudbalski Klub Javor Matis Ivanjica,,0.13333333333333333
Fudbalski Klub Mladost Lučani,,-0.22580645161290322
Fudbalski Klub Novi Pazar,,0.03225806451612903
Fudbalski Klub Partizan Beograd,0.5108695652173914,0.5760869565217391
Fudbalski Klub Radnički Niš,,0.11764705882352941
Fudbalski Klub Spartak Ždrepčeva krv,,-0.5454545454545454
Fudbalski Klub Vojvodina,0.47058823529411764,0.43137254901960786
Fudbalski klub Crvena zvezda Beograd,0.5851063829787234,1.297872340425532
Fudbalski klub Napredak Kruševac,,-0.7
Fudbalski klub Radnik Surdulica,,0.4666666666666667
Fudbalski klub TSC Bačka Topola,,-0.3
Fudbalski klub Čukarički Beograd,,0.1956521739130435
Fuglebakken KFUM,,-1.5
Fulham Football Club,0.375,-0.16477272727272727
Fussballclub Winterthur,,-0.7428571428571429
Futbol Club Barcelona,0.7746835443037975,1.9443037974683544
Futbolniy Klub Dynamo Kyiv,0.6402877697841727,1.1402877697841727
Futebol Clube de Alverca,,-0.29411764705882354
Futebol Clube de Arouca,0.38011695906432746,-0.15789473684210525
Futebol Clube de Famalicão,0.3875968992248062,0.17054263565891473
Futebol Clube do Porto,0.7687687687687688,1.5675675675675675
Fußball-Club Augsburg 1907,0.350597609561753,-0.12350597609561753
Fußball-Club St. Pauli von 1910,,-0.7142857142857143
Fußballclub Blau-Weiß Linz,,0.1724137931034483
Fußballclub Red Bull Salzburg,0.5047619047619047,0.6
Fußballklub Austria Wien,0.3728813559322034,-0.15254237288135594
Fútbol Club Juárez,,0.14285714285714285
FС Taganrog (-2015),,0.0
FС Vologda (-2014),,-1.0
GAS Ialysos 1948,,-1.6666666666666667
GD Chaves,0.2916666666666667,-0.19791666666666666
GFC Ajaccio,,-0.47368421052631576
GKS GieKSa Katowice Spółka Akcyjna,,0.5294117647058824
GNK Dinamo Zagreb,0.5833333333333334,0.9
GS Ergotelis,,-0.45652173913043476
GVV Unitas,,1.3333333333333333
GVVV Veenendaal,,-0.1111111111111111
Gabon,,-1.0
Gainsborough Trinity,,-2.6666666666666665
Gala Fairydean Rovers FC,,0.09090909090909091
Galatasaray Spor Kulübü,0.6778523489932886,1.1812080536912752
Gamba Osaka,,0.375
Gandzasar Kapan,,-0.6
Gangwon Football Club,,0.15789473684210525
Gateshead FC,,-0.8888888888888888
Gaziantep Futbol Kulübü A.Ş.,0.3984375,0.171875
Gaziantepspor (- 2020),0.3411764705882353,-0.35294117647058826
Gazprom Transgaz Stavropol (- 2014),,2.0
Gefle IF,,2.0
Gelios Kharkiv,,0.0
Genoa Cricket and Football Club,0.376865671641791,0.048507462686567165
Gentofte VI,,-1.5
Gençlerbirliği Spor Kulübü,0.391025641025641,0.1794871794871795
Georgia,,1.0
Germania Halberstadt,,-3.5
Germany,,1.03125
Gernika Club,,-0.8
Getafe Club de Fútbol S. A. D. Team Dubai,0.3977272727272727,0.17803030303030304
Ghana,,-0.6
Gil Vicente Futebol Clube,0.33519553072625696,-0.01675977653631285
Gillingham FC,,0.18181818181818182
Gimcheon Sangmu Football Club,,-0.05263157894736842
Gimnàstic de Tarragona,,0.23076923076923078
Gimnástica Segoviana CF,,-1.0
Gimnástica de Torrelavega,,-1.75
Giresunspor,,-0.05405405405405406
Girnyk Kryvyi Rig,,-0.3333333333333333
Girnyk Novoyavorivsk,,-1.0
Girnyk Sosnivka,,-3.0
Girnyk-Sport Gorishni Plavni,,-0.7272727272727273
Girona Fútbol Club S. A. D.,0.43609022556390975,0.20300751879699247
Girvan FC,,-3.5
Give Fremad,,-6.0
Glamsbjerg IF,,-8.0
Glasgow University FC,,-1.6666666666666667
Glenafton Athletic FC,,-1.0
Glenavon FC,,-1.75
Glentoran FC,,-1.2
Gliwicki Klub Sportowy Piast Spółka Akcyjna,,-0.05128205128205128
Glostrup FK,,-2.0
Gloucester City,,-2.0
Go Ahead Eagles,0.3987341772151899,0.11392405063291139
Golspie Sutherland FC,,-3.25
Gornyak Uchaly,,1.0
Gosport Borough,,-3.0
Goverla Uzhgorod (- 2016),0.1864406779661017,-0.6271186440677966
Granada CF,0.34210526315789475,-0.1736842105263158
Granitis Agias Marinas,,-3.0
Grasshopper Club Zürich,,-0.37209302325581395
Grazer Athletiksport Klub 1902,,-0.034482758620689655
Greece,,-0.5
Greenock Morton FC,,1.7857142857142858
Greifswalder FC,,-1.5
Grenaa IF,,-3.0
Gretna FC 2008,,-0.25
Greve Fodbold,,-3.8
Grimsby Town,,0.8181818181818182
Grindsted GIF,,-1.0
Grupo Desportivo Estoril Praia,0.3872549019607843,0.11764705882352941
Grêmio Foot-Ball Porto Alegrense,,0.41379310344827586
Guangzhou Evergrande,,-0.6666666666666666
Gug B,,-3.0
Guiseley AFC,,0.0
Gwangju Football Club,,-0.42105263157894735
Gzira United FC,,-0.5
Görslev IF,,-0.3333333333333333
Göteborgs Atlet- och Idrottssällskap,,0.7619047619047619
Göztepe Sportif Yatırımlar A.Ş.,0.416,0.264
HB Köge,,-1.0
HB Tórshavn,,0.0
HBS Craeyenhout,,1.0
HHC Hardenberg,,-0.45454545454545453
HJK Helsinki,0.4528301886792453,0.22641509433962265
HNK Gorica,,-0.08571428571428572
HNK Hajduk Split,0.6190476190476191,0.7777777777777778
HNK Sibenik,,-0.5625
HNK Vukovar 1991,,-0.5
HSC '21 Haaksbergen,,-1.1
HSK Zrinjski Mostar,,0.4857142857142857
HSV Barmbek-Uhlenhorst,,-5.0
HSV Hoek,,0.0
HV & CV Quick,,-1.75
HVV Hollandia,,-1.0
HZVV Hoogeveen,,-4.0
Haarby/Flemlöse,,-2.0
Haddington Athletic FC,,-0.3333333333333333
Hallescher FC,,-1.375
Halmstads BK,,-0.8
Hamarkameratene,,0.47619047619047616
Hamburger Sport Verein,0.37404580152671757,-0.20610687022900764
Hamilton Academical FC,0.2803030303030303,-0.2878787878787879
Hammarby IF,,1.4827586206896552
Hampton & Richmond Borough,,-1.0
Hamrun Spartans,,-0.5625
Hannover 96,0.41025641025641024,-0.05128205128205128
Hapoel Beer Sheva,,0.7142857142857143
Hapoel Haifa,,-1.5
Hapoel Ramat Gan,,-1.0
Hapoel Tel Aviv,,0.2857142857142857
Haringey Borough FC,,-1.0
Harkemase Boys,,-0.6363636363636364
Haro Deportivo,,-0.16666666666666666
Harrogate Town,,-1.1818181818181819
Hartlepool United,,0.5333333333333333
Hastings United,,1.0
Hatayspor,0.3723404255319149,-0.010638297872340425
Havant & Waterlooville FC,,-1.0
Haverfordwest County,,0.3333333333333333
Hawick Royal Albert FC,,-1.5714285714285714
Hayes & Yeading FC,,-1.3333333333333333
Heart of Midlothian Football Club,0.5020576131687243,0.4691358024691358
Hedensted IF,,-0.375
Hednesford Town,,-1.0
Hellerup IK,,-1.5714285714285714
Helmond Sport,,-4.0
Helsingborgs IF,,0.0
Helsted Fremad IF,,-1.0
Heracles Almelo,0.4327731092436975,0.19327731092436976
Hereford FC,,-1.25
Hereford United (- 2014),,0.5
Herlev IF,,-0.42857142857142855
Herlufsholm GF,,-4.5
Hermes FC,,-3.0
Herstedoster IC,,-3.3333333333333335
Hertha BSC,0.3978494623655914,-0.07526881720430108
Hibernian Football Club,0.42792792792792794,0.36486486486486486
Hibernians FC,,-1.0
Hill of Beath Hawthorn,,0.6
Hilleröd Fodbold,,-1.8888888888888888
Hitachi Kashiwa Reysol,,0.8125
Hitchin Town,,-2.0
Hobro IK,0.2625,-0.4375
Holbaek B&I,,-1.2307692307692308
Holstebro Boldklub,,-2.0
Holstein Kiel,,-0.7692307692307693
Honduras,,-1.6666666666666667
Hong Kong,,-2.0
Horsham FC,,-3.0
Houston Dynamo,,-0.3333333333333333
Hrvatski Nogometni Klub Rijeka,0.5384615384615384,0.8974358974358975
Huddersfield Town,0.22641509433962265,-0.6037735849056604
Hull City,0.38461538461538464,-0.1794871794871795
Humlebaek BK,,-3.0
Hundested IK,,0.0
Hungary,,-1.8
Huntly FC,,0.3333333333333333
Huracán Valencia CF,,1.0
Hurlford United FC,,0.0
Husum Boldklub,,-4.0
Hvidovre IF,,-1.3571428571428572
Hyde United,,-4.0
Hércules CF,,-0.2222222222222222
Höjslev Station IF,,-4.5
Hörsholm Usseröd IK,,-0.6666666666666666
IF Frem Bjaeverskov,,-1.6666666666666667
IF Føroyar,,-6.0
IF Lyseng,,-2.5555555555555554
IF Skjold Birkeröd,,-1.25
IFK Mariehamn,,-1.6666666666666667
IFK Norrköping,,0.09523809523809523
IFK Värnamo,,-0.9333333333333333
IK Sirius,,0.95
IL Hødd,,1.0
IRON Zaporizhya,,0.0
Iceland,,0.0
Idrettsklubben Start,,-0.2
Idrottsföreningen  Brommapojkarna,,-0.2857142857142857
Idrottsföreningen Elfsborg,,1.0416666666666667
Idrottsföreningen Kamraterna Göteborg,,0.13333333333333333
Ikonomos Tsaritsanis,,1.0
Ilioupoli,,1.1428571428571428
Ilpar Ilyinsky,,-1.5
Ilves Tampere,,0.2
Imolese Calcio 1919,,1.0
Impulsora del Deportivo Necaxa S.A. de C.V.,,0.35714285714285715
Incheon United Football Club,,0.0
Independiente Medellín,,1.0
Independiente Santa Fe,,0.5
India,,-3.0
Indonesia,,-2.0
Ingulets Petrove,0.36923076923076925,-0.16923076923076924
Instituto Atlético Central Córdoba,,1.0
Inter Cherkessk (-2021),,-0.6666666666666666
Inter Club d'Escaldes,,-0.1111111111111111
Internacional de Bogotá,,-0.3
Internacional de Madrid (-2023),,-2.0
Invergordon FC,,-1.0
Inverness Caledonian Thistle FC,0.4576271186440678,0.4661016949152542
Inverurie Loco Works FC,,-0.5
Ionikos Ionias,,-1.5
Ionikos Nikeas,,-0.5172413793103449
Ipswich Town,,-0.6052631578947368
Iraklis Elefsinas,,-1.0
Iraklis Psachnon,,0.2
Iraklis Thessaloniki,,0.020833333333333332
Iran,,0.4
Iraq,,0.3333333333333333
Ironi Kiryat Shmona,,-0.125
Irtysh Omsk,,-0.5714285714285714
Irtysh Pavlodar,,0.6
Irvine Meadow XI FC,,-0.2857142857142857
Ishöj IF,,-1.2
Isloch Minsk Region,,-3.0
Istanbulspor,,-0.8648648648648649
Italy,,0.9047619047619048
Ivory Coast,,1.0
JFK Ventspils,,0.25
JJK Jyväskylä,,1.5
JK Nomme Kalju,,-0.7
JK Sillamäe Kalev,,-1.0
JK Trans Narva,,-3.0
JOS Watergraafsmeer,,-3.5
JSV Nieuwegein,,-2.0
JVC Cuijk,,-0.42857142857142855
Jaegersborg BK,,-1.0
Jagiellonia-Bialystok Sportowa Spólka Akcyjna,0.5357142857142857,0.8035714285714286
Jamaica,,-3.0
Jammerbugt FC,,-0.8181818181818182
Japan,,-0.3333333333333333
Jeanfield Swifts FC,,0.25
Jeju SK Football Club,,-0.2631578947368421
Jeonbuk Hyundai Motors,,0.9523809523809523
Jetsmark IF,,-1.0
Jeunesse Esch,,-0.8571428571428571
Johnstone Burgh FC,,4.0
Jordan,,-0.25
Jove Español San Vicente,,-5.0
Jubbega,,-2.0
Junior FC,,1.2
Juventud Torremolinos CF,,-0.6666666666666666
Juventus Football Club,0.7172774869109948,1.2591623036649215
Jyllinge FC,,-1.6666666666666667
KA Akureyri,,-0.25
KAS Eupen,0.296,-0.472
KDV Tomsk,,3.0
KF Dukagjini,,0.0
KF Egnatia,,-1.0
KF Feronikeli Drenas,,-0.25
KF Laçi,,-0.5384615384615384
KF Llapi,,-0.25
KF Skënderbeu,,0.6666666666666666
KF Teuta,,-1.2222222222222223
KF Tirana,,-0.7777777777777778
KF Trepca 89,,-3.0
KF Vllaznia,,-0.14285714285714285
KFC Uerdingen 05,,-2.0
KFUM-Kameratene Oslo,,0.2857142857142857
KKS Lech Poznań Spółka Akcyjna,0.6493506493506493,1.1168831168831168
KR Reykjavík,,-0.3333333333333333
KSC Lokeren (- 2020),0.36363636363636365,0.02727272727272727
KSV Baunatal,,-1.0
KSV Hessen Kassel,,-2.0
KV Kortrijk,0.373134328358209,0.01990049751243781
KV Oostende,0.40764331210191085,-0.10191082802547771
KVV Quick '20 Oldenzaal,,-2.6666666666666665
Kairat Almaty,,0.90625
Kairat Moscow ( -2022),,-1.6666666666666667
Kalev Tallinn,,-1.0
Kalmar Fotbollförening,,1.1111111111111112
KamAZ Naberezhnye Chelny,,0.1111111111111111
Kampaniakos,,-0.6666666666666666
Kapaz PFK,,-1.0
Karbon Cherkasy,,0.0
Kardemir Karabükspor,0.39080459770114945,-0.20689655172413793
Karelia Petrozavodsk,,-0.5
Karlslunde IF,,-2.0
Karlsruher SC,,-1.0
Karpaty Galych,,-1.0
Karpaty Lviv (-2021),0.27522935779816515,-0.3944954128440367
Kashima Antlers FC,,0.65
Kastrup BK,,-1.75
Kasımpaşa A.Ş.,0.4089068825910931,0.15789473684210525
Kavkaztransgaz-2005 Ryzdvyany (-2013),,1.5
Kawasaki Frontale,,0.4
Kaysar Kyzylorda,,-3.0
Kayseri Erciyesspor,,-0.4411764705882353
Kayserispor Kulübü,0.3652173913043478,-0.05652173913043478
Kecskeméti TE,,1.0
Keith FC,,-0.9
Kelty Hearts FC,,1.25
Kerteminde BK,,-2.0
Kettering Town,,-1.0
Khimik Dzerzhinsk,,-0.6363636363636364
Khimik-Arsenal Novomoskovsk,,-2.3333333333333335
Khimik-August Vurnary (-2024),,1.0
Kickers Offenbach,,0.09090909090909091
Kidderminster Harriers,,0.5555555555555556
Kilmarnock Football Club,0.38461538461538464,0.03643724696356275
Kilwinning Rangers FC,,0.8
King's Lynn Town,,-2.0
Kingstonian FC,,-2.0
Kirovets-Voskhozhdenie St. Petersburg,,-1.5
Kisvárda FC,,1.0
Kjellerup IF,,-2.6153846153846154
Klitmöller IF,,-1.0
Klub Sportowy Cracovia Spółka Akcyjna,,0.08333333333333333
Klub Sportowy Górnik Zabrze Sportowa Spółka Akcyjna,,0.7222222222222222
Klub Sportowy Lechia Gdańsk,,0.24324324324324326
Kocaelispor Kulübü,,0.11764705882352941
Kolding Boldklub,,-2.125
Kolding IF,,-0.6
Kolos Polonne,,0.6666666666666666
Koninklijke Atletiek Associatie Gent,0.5575539568345323,0.8381294964028777
Koninklijke HFC Haarlem,,1.4
Koninklijke Racing Club Genk,0.5671641791044776,0.7947761194029851
Koninklijke Sint-Truidense Voetbalvereniging,0.4342857142857143,0.17142857142857143
Koninklijke Voetbal Club Westerlo,0.3482142857142857,0.008928571428571428
Konyaspor,0.42016806722689076,0.29831932773109243
Kopenhagen KFUM,,-2.0
Kormil Yavoriv,,-1.0
Kosmos Dolgoprudnyi,,0.16666666666666666
Kozakken Boys,,0.4090909090909091
Krarup/Espe Fodbold,,-1.5
Krasniy-SGAFKST Smolensk,,-0.3333333333333333
Kremin Kremenchuk,,-0.5
Kristall-MEZT Borisoglebsk,,0.0
Kristiansund Ballklubb,,-0.3
Krogsbölle-Roerslev FK,,-5.0
Krymteplytsya Molodizhne (- 2014),,-2.0
Krystal Kherson,,-1.25
Ktinotrofikos Asteras Kalirachis,,-1.0
Kuban Holding Pavlovskaya,,0.0
Kuban Krasnodar,,-1.5
Kuban Krasnodar (-2018),0.4507042253521127,0.4647887323943662
Kuopion Palloseura,,0.46153846153846156
Kvant Obninsk,,-1.6666666666666667
Kvik/Aalestrup IF,,-1.0
Kyoto Purple Sanga,,0.6666666666666666
Kyrgyzstan,,-1.0
KÍ Klaksvík,,0.9230769230769231
Köge Union,,-2.0
L'Aquila 1927,,1.5
LKB/Gistrup,,-1.0
LNZ Cherkasy,0.4339622641509434,0.03773584905660377
LR Vicenza,,1.5
La Fiorita 1967,,-2.0
Lada Dimitrovgrad,,-1.0
Lada Togliatti,,-2.0
Larne FC,,-0.4666666666666667
Las Rozas CF,,-1.5
Le Havre Athletic Club,0.27450980392156865,-0.49019607843137253
Leatherhead FC,,0.0
Lebanon,,0.0
Ledöje-Smörum Fodbold,,-1.3076923076923077
Leeds United Association Football Club,0.37209302325581395,-0.10465116279069768
Legia Warszawa Spółka Akcyjna,0.5283018867924528,0.5566037735849056
Legion-Dinamo Makhachkala,,0.9090909090909091
Legiya Kyiv,,-4.0
Leher TS Bremerhaven,,-5.0
Leicester City,0.47577092511013214,0.3876651982378855
Leith Athletic FC,,0.5
Leixões SC,,0.2
Lemming IF,,-9.0
Leon Saturn Ramenskoe,,-1.1428571428571428
Levante Unión Deportiva S.A.D.,0.37383177570093457,0.0
Levski Sofia,,0.0
Leyton Orient,,1.0666666666666667
Liepajas Metalurgs,,0.6666666666666666
Lierse SK (- 2018),,-0.37777777777777777
Lille Olympique Sporting Club,0.5218855218855218,0.6161616161616161
Lillestrøm Sportsklubb,,0.625
Linares Deportivo,,-0.7777777777777778
Lincoln City,,0.4117647058823529
Lincoln Red Imps FC,,-0.35294117647058826
Linfield FC,,0.13333333333333333
Linlithgow Rose FC,,0.7272727272727273
Linzer Athletik-Sport-Klub,0.543859649122807,0.8245614035087719
Listrup UIF,,-8.833333333333334
Litex Lovech,,0.3333333333333333
Liverpool Football Club,0.6712707182320442,1.3176795580110496
Livingston Football Club,0.3700787401574803,-0.007874015748031496
Livyi Bereg Kyiv,,-0.35
Llandudno FC,,-1.0
Llanelli AFC,,0.0
Llaneros FC,,-0.3
Lochee United FC,,-1.0
Lokomotiv 2 Moskow,,1.0
Lokomotiv Liski,,0.375
Lokomotiv Plovdiv,,0.16666666666666666
Lokomotyv Kyiv,,0.0
Lorca FC,,-1.5
Los Angeles Football Club,,0.8888888888888888
Los Angeles Galaxy,,0.041666666666666664
Lossiemouth FC,,-2.1666666666666665
Lothian Thistle Hutchison Vale FC,,0.15384615384615385
Lucena CF,,0.5
Luch Vladivostok,,0.42857142857142855
Ludogorets Razgrad,0.48314606741573035,0.6292134831460674
Luki-Energia Velikie Luki,,0.2
Luncarty FC,,0.5
Luton Town,,0.02631578947368421
Lyngby Boldklub,0.30927835051546393,-0.36082474226804123
Lystrup IF,,-6.5
Länk FC Vilaverdense ,,-2.0
Löjt IF,,-2.0
Lüneburger SK Hansa,,-2.0
MFC Metalurg Zaporizhya,,-1.4
MFK Karvina,,-0.1
MFK Kosice,,-1.0
MFK Mykolaiv,,0.125
MFK Ruzomberok,,0.0
MIKA Ashtarak,,0.0
MITOS Novocherkassk (-2016),,0.16666666666666666
MKE Ankaragücü,0.32967032967032966,-0.18681318681318682
MSC Meppel,,-1.0
MSK Zilina,,0.6875
MSV Duisburg,,-1.7
MTK Budapest,,0.25
MTV Eintracht Celle,,-7.0
MVV Alcides,,-2.0
MVV Maastricht,,-0.2857142857142857
Macarthur South West Sydney (A-League),,-0.11538461538461539
Maccabi Haifa,,0.7222222222222222
Maccabi Netanya,,-1.0
Maccabi Petah Tikva,,-3.0
Maccabi Tel Aviv,0.547945205479452,0.3698630136986301
Macclesfield FC,,1.0
Macclesfield Town FC,,0.5
Magreb '90,,-1.0
Maidenhead United,,-2.0
Maidstone United,,0.25
Makedonija Gjorce Petrov,,-1.3333333333333333
Makedonikos,,-1.8
Makedonikos Foufas,,-0.5
Malaysia,,-4.0
Maldon & Tiptree FC,,-1.0
Mali,,0.0
Malmö Fotbollförening,0.4523809523809524,0.42857142857142855
Mamelodi Sundowns FC,,-1.0
Manchester City Football Club,0.7552631578947369,1.8447368421052632
Manchester United Football Club,0.6181318681318682,0.8763736263736264
Manises CF,,-0.5
Mansfield Town,,-0.19047619047619047
Marbella FC,,-0.6666666666666666
Marine FC,,-2.6666666666666665
Marko FC,,-1.0
Marsaxlokk FC,,-1.0
Marstal/Rise IF,,-1.4
Mashuk-KMV Pyatigorsk,,0.5
Mayak Sarny,,-2.0
Mazatlán Futbol Club,,0.0
Megas Alexandros Trikalon Imathias,,0.0
Mejrup GU,,-2.3333333333333335
Melbourne City Football Club,,0.5384615384615384
Melbourne Victory FC,,0.8461538461538461
Melilla CD,,-2.0
Mersin Talimyurdu SK,0.3137254901960784,-0.19607843137254902
Merstham FC,,-5.0
Metalist Kharkiv,,-1.0
Metalist Kharkiv (- 2016),0.5294117647058824,0.5
Metallurg Asha,,-0.5
Metallurg Lipetsk,,-0.35714285714285715
Metallurg Magnitogorsk,,-2.0
Metallurg Vidnoe,,1.0
Metallurg Vyksa,,-0.3333333333333333
Metallurg-Oskol Stary Oskol,,-1.0
Metalurg Donetsk (- 2015),,0.7872340425531915
Metalurg Skopje,,-0.5
Metalurg Zaporizhya (-2016),0.10714285714285714,-1.4464285714285714
Metalurgi Rustavi,,1.5
Metropolitan Police,,-1.5
Mexico,,0.0
Middelfart Boldklub,,-1.3333333333333333
Middlesbrough FC,,-0.3170731707317073
Miejski Klub Sportowy Korona Kielce Spółka Akcyjna,,0.20588235294117646
Miengo FC,,-1.0
Millonarios FC,,0.4
Millwall FC,,0.25925925925925924
Milton Keynes Dons,,0.5454545454545454
Minnesota United FC,,0.4166666666666667
Mirasol Futebol Clube,,0.8928571428571429
Mjällby Almänna Idrottsförening,,1.0
Modena FC,,0.75
Moghreb Atlético Tétouan,,-1.0
Molde Fotballklubb,0.5897435897435898,1.0769230769230769
Mons Calpe SC,,0.0
Montilla CF,,-2.0
Montpellier HSC,0.3884297520661157,0.15289256198347106
Montrose FC,,-0.8
Mordovia Saransk (-2020),0.29411764705882354,-0.29411764705882354
Morecambe FC,,0.2222222222222222
Moreirense Futebol Clube,0.3466666666666667,-0.04888888888888889
Morocco,,0.8571428571428571
Morski Klub Sportowy Pogoń Szczecin,,0.9230769230769231
Morski Związkowy Klub Sportowy Arka Gdynia Spółka Akcyjna,,0.2222222222222222
Morud IF,,-3.3333333333333335
Mosede BK,,-2.0
Mosta FC,,1.0
Motherwell Football Club,0.41064638783269963,0.10646387832699619
Motor Lublin Spółka Akcyjna,,0.08823529411764706
Mozambique,,-1.0
Musselburgh Athletic FC,,1.1111111111111112
Myllykosken Pallo -47,,1.0
Myr Gornostaivka,,0.2
Málaga CF,0.4222222222222222,0.28888888888888886
Mérida AD,,-1.5
Móstoles CF,,-1.0
ND Gorica,,-0.5
NK Bravo,,-1.5
NK Celje,,0.25925925925925924
NK Domzale,,0.29411764705882354
NK Istra 1961,,0.08571428571428572
NK Lokomotiva Zagreb,,0.06976744186046512
NK Maribor,0.39215686274509803,0.09803921568627451
NK Olimpija Ljubljana,,0.2857142857142857
NK Osijek s.d.d.,0.34615384615384615,0.07692307692307693
NK Rudar Velenje,,1.6666666666666667
NK Siroki Brijeg,,0.0
NK Slaven Belupo Koprivnica,,0.2972972972972973
NK Varazdin,,0.3611111111111111
NK Veres Rivne,0.2967032967032967,-0.14285714285714285
NS Mura,,-0.1875
NSÍ Runavík,,-0.2222222222222222
Naesby Boldklub,,-1.8181818181818181
Naestved Boldklub,,-0.9285714285714286
Nafpaktiakos Asteras,,-2.0
Naftan Novopolotsk,,-1.0
Naftovyk-Ukrnafta Okhtyrka,,-0.2857142857142857
Nagoya Grampus Eight,,-0.26666666666666666
Nairn County FC,,0.09090909090909091
Nalón CF,,-1.0
Nantwich Town FC,,-1.0
Nart Cherkessk,,-1.0
Nashville SC,,1.375
Naval 1º de Maio,,0.5
Nefis Kazan,,-1.0
Neftchi Baku,,0.4074074074074074
Neftekhimik Nizhnekamsk,,-1.2222222222222223
Neman Grodno,,0.0
Neom Sports Club,,-0.23529411764705882
"Nerashté, Ballerup",,-1.0
Netherlands,,0.5
New England Revolution,,0.2
New York City Football Club,,0.52
New Zealand,,0.0
Newcastle United Football Club,0.4626334519572954,0.302491103202847
Newcastle United Jets Football Club,,0.38461538461538464
Newport County,,0.5555555555555556
Newton Stewart FC,,-1.75
Newtongrange Star FC,,-1.75
Newtown AFC,,0.0
Nexö Boldklub Bornholm,,-2.4285714285714284
Nibe Boldklub,,-1.0
Nigeria,,0.5555555555555556
Nijmegen Eendracht Combinatie,0.38461538461538464,0.1242603550295858
Niki Volou,,-1.206896551724138
Nooit Opgeven Altijd Doorzetten Aangenaam Door Vermaak En Nuttig Door Ontspanning Combinatie Breda,0.3435114503816794,-0.22137404580152673
Nordfalsters Forenede Boldklubber,,-4.666666666666667
Nordvest FC,,-0.5
North Korea,,-3.0
North Macedonia,,-3.0
Northampton Town,,0.23076923076923078
Northern Ireland,,-1.0
Northwich Victoria,,0.0
Norton United,,-4.0
Norwich City,0.2818181818181818,-0.4909090909090909
Nosta Novotroitsk,,-0.375
Nottingham Forest Football Club,0.39805825242718446,0.2524271844660194
Notts County,,0.25
Novara Calcio 1908,,1.2222222222222223
Nove Zhyttya Andriivka,,-1.0
Nuneaton Town,,-2.0
Nyköbing FC,,-0.4166666666666667
Nyva Ternopil,,0.25
Nyva Vinnytsya,,0.9166666666666666
Náxara CD,,-1.3333333333333333
Nîmes Olympique,0.34615384615384615,-0.09615384615384616
Nörager B,,-5.0
Nörrebro FF,,-2.0
Nörresundby FB,,-3.3333333333333335
ODEK Orzhiv,,-3.0
ODIN '59 Heemskerk,,0.0
OF Agiou Mattheou,,-1.0
OF Ierapetras,,-1.1666666666666667
OFC Oostzaan,,0.5
OFK Olimpik Novi Grad - Sarajevo ,,0.0
OFK Titograd,,-1.2
OJC Rosmalen,,-0.4
ONS Sneek,,-1.1428571428571428
Obolon Kyiv (-2012),,-0.5
Ocean Nakhodka,,-2.0
Octane Perm,,-1.0
Odder IGF,,-1.4
Odds BK,,1.1111111111111112
Odense Boldklub,0.3575418994413408,0.061452513966480445
Odense KFUM,,-5.0
Odense KS,,-1.5
Odysseas Kordeliou,,1.0
Offenburger FV,,-3.0
Oldham Athletic,,0.5
Olimp Khimki (-2020),,-1.0
Olimpia Savyntsi,,0.9
Olimpik Donetsk,0.32978723404255317,-0.4148936170212766
Olympia Volgograd,,-0.5
Olympiakos Syndesmos Filathlon Peiraios,0.729483282674772,1.534954407294833
Olympiakos Volou,,0.07142857142857142
Olympique Gymnaste Club Nice Côte d'Azur,0.48936170212765956,0.37943262411347517
Olympique Lyonnais,0.5714285714285714,0.8798701298701299
Olympique de Marseille,0.5475409836065573,0.7147540983606557
Olímpic Xàtiva,,0.0
Oman,,0.0
Omilos Filathlon Irakliou FC,0.4148936170212766,0.11702127659574468
Omladinski fudbalski klub Beograd,,0.0
Omonia Nicosia,,0.6097560975609756
Once Caldas,,0.0
Ontinyent CF,,1.0
Ontiñena CF,,-7.0
Ordabasy Shymkent,,-0.07692307692307693
Orduspor,,-0.11764705882352941
Orestis Orestiadas,,-1.0
Orfeas Xanthis,,-4.0
Orgenergostroy Dimitrovgrad,,-1.0
Orihuela CF,,-1.4
Orlando City Soccer Club,,0.4583333333333333
Otterup B&IK,,-1.0
Oud-Heverlee Leuven,0.3835616438356164,0.11643835616438356
Ourense CF,,0.0
Oxford City,,-1.6666666666666667
Oxford United,,0.21739130434782608
PAE Chania,,-0.46153846153846156
PAO Koutseliou,,-1.0
PAO Rouf,,4.0
PAO Vardas,,0.25
PAOK Kristonis,,-1.0
PAONE Eptalofou,,-4.0
PAS Acheron Kanalakiou,,0.6666666666666666
PAS Giannina,0.39572192513368987,0.15508021390374332
PAS Kitheronas Kaparelliou,,1.0
PAS Korinthos,,0.0
PAS Lamia 1964,0.2824427480916031,-0.40458015267175573
PASA Irodotos,,-1.0
PFC Prykarpattya Ivano-Frankivsk,,-0.8571428571428571
PFC Zvyagel,,2.6666666666666665
PFK CSKA Moskva,0.6120996441281139,0.9822064056939501
PFK Krylya Sovetov Samara,0.3298429319371728,-0.06282722513089005
PFK Lviv,0.2153846153846154,-0.676923076923077
PFK Shakhtar Sverdlovsk,,0.3333333333333333
PFK Stal Kamyanske (-2018),,-0.34782608695652173
PFK Sumy (-2019),,-0.6666666666666666
PFK Tambov (-2021),,-0.42105263157894735
PO Atsaleniou,,0.0
PO Elassonas,,1.25
PO Fikis,,1.0
PS Kalamata,,-0.1111111111111111
PS Serres,,-0.8
PS Sparti,,0.3333333333333333
PSK Dinskaya,,0.3333333333333333
Pafos FC,,0.8125
Paganese Calcio 1926,,-1.0
Paide Linnameeskond,,0.2
Paksi FC,,0.14285714285714285
Palermo FC,0.3409090909090909,-0.17045454545454544
Palestine,,0.0
Pallixouriakos AO,,-1.3333333333333333
Pamisos Messinis,,-1.0
Panachaiki GE,,-0.3125
Panagriniakos,,0.0
Panama,,0.0
Panargiakos,,-1.0
Panathinaikos Athlitikos Omilos,0.6170212765957447,0.9893617021276596
Pandramaikos AO,,-1.0
Pandurii Targu Jiu (- 2022),,-0.14285714285714285
Panegialios GS,,-0.8571428571428571
Panelefsiniakos AO,,-3.5
Panetolikos Agrinio,0.39805825242718446,-0.0048543689320388345
Pangytheatikos,,1.0
Paniliakos Pyrgos,,-0.6666666666666666
Panionios Athens,0.4864864864864865,0.5067567567567568
Panserraikos Serres,0.3275862068965517,-0.41379310344827586
Panthessalonikios Athlitikos Omilos Konstantinoupoliton,0.6894409937888198,1.3509316770186335
Panthiraikos AO,,1.0
Panthrakikos Komotini,0.4691358024691358,0.20987654320987653
Paraguay,,0.0
Paris Football Club,,0.058823529411764705
Paris Saint-Germain Football Club,0.7427745664739884,1.8323699421965318
Parma Calcio 1913,0.3392857142857143,-0.1130952380952381
Partick Thistle FC,0.3482142857142857,-0.08035714285714286
Pelister Bitola,,-3.0
Pendikspor,,-0.5789473684210527
Penicuik Athletic FC,,0.0
Penuel Kryvyi Rig,,-8.0
Penya Deportiva Santa Eulalia,,-0.6666666666666666
Penybont FC,,0.0
Peremoga Dnipro,,-1.5
Peresvet Domodedovo,,-0.4
Peresvet-Trekhgorka Domodedovo,,-1.0
Perth Glory Football Club,,-0.6923076923076923
Peru,,-0.6666666666666666
Peterborough United,,0.5714285714285714
Peterhead FC,,0.058823529411764705
Peña Sport FC,,-1.6666666666666667
Philadelphia Union,,0.782608695652174
Piacenza Calcio 1919,,0.3333333333333333
Pierikos Katerini,,-1.0
Pioner Leningradskaya,,-2.0
Pisa Sporting Club,,-0.125
Plymouth Argyle,,0.7
Pobeda Khasavyurt,,1.0
Podillya Khmelnytskyi,,-1.2857142857142858
Poland,,-0.9230769230769231
Polissya Stavky,,1.0
Pollok FC,,4.0
Pontevedra CF,,0.0
Pordenone Calcio,,0.42857142857142855
Port Vale FC,,0.3333333333333333
Portadown FC,,-0.5
Portimonense SC,0.36231884057971014,-0.036231884057971016
Portland Timbers,,0.08695652173913043
Portsmouth FC,,0.0
Portugal,,0.92
Poseidon Neas Michanionas,,-1.0
Potenza Calcio,,0.0
Prestatyn Town,,-2.0
Preston Athletic FC,,-0.7272727272727273
Preston North End,,0.2727272727272727
Preußen Münster,,-1.5
Prins Hendrik Ende Desespereert Nimmer Combinatie Zwolle,0.41702127659574467,0.17446808510638298
Probiy Gorodenka,,1.0
Promotora del Club Pachuca S. A. de C. V.,,0.6875
Proodeftiki Neolea,,0.2
Pskov-747 (-2020),,0.5555555555555556
Puerto de Vega CF,,1.0
Puskás Akadémia FC,,0.0
Puszcza Niepolomice,,-0.17647058823529413
Qarabağ FK,0.40229885057471265,0.2413793103448276
Qatar,,0.3333333333333333
Queen of the South FC,,0.2857142857142857
Queen's Park FC,,-0.6923076923076923
Queens Park Rangers,0.24528301886792453,-0.33962264150943394
Querétaro Fútbol Club,,0.26666666666666666
Quick Boys,,0.4166666666666667
Qyzyljar Petropavlovsk,,-0.5
RAAL La Louvière,,-0.2222222222222222
RAEC Mons (- 2015),,-0.43333333333333335
RBC Roosendaal,,-1.0
RFC Seraing,,-1.0294117647058822
RFK Akhmat Grozny,0.43162393162393164,0.18376068376068377
RKAV Volendam,,0.5
RKAVV Leidschendam,,-1.0
RKC Waalwijk,0.3561643835616438,-0.07534246575342465
RKS Raków Częstochowa SA,0.5740740740740741,0.6481481481481481
RKSV Groene Ster,,0.7857142857142857
RKSV HVCH,,-2.0
RKSV Halsteren,,1.5
RKSV Nuenen,,0.5
RKSV ROHDA Raalte,,-0.75
RKSV Volkel,,-3.0
RKVV DEM,,-0.14285714285714285
RKVV DESO Oss,,-4.0
RKVV Erp,,-4.0
RKVV Westlandia,,0.14285714285714285
RKVV Zwaluw VFC Vught,,-3.5
RNK Split,,1.25
RSD Alcalá,,-4.0
RSV Eintracht 1949,,-7.0
RSV Meinerzhagen,,-5.0
RVVH Ridderkerk,,-1.0
RWD Molenbeek,,-0.8666666666666667
RZ Pellets Wolfsberger Athletiksport Club,,0.13953488372093023
Rabotnicki Skopje,,1.1
Racing Club Asociación Civil de Avellaneda,,0.75
Racing Club de Lens,0.5378787878787878,0.5
Racing Club de Strasbourg Alsace,0.4260355029585799,0.33136094674556216
Racing FC Union Luxembourg,,-1.75
Racing Ferrol,,0.125
Racing Murcia FC (-2024),,-5.0
Racing Rioja CF (-2024),,-0.75
Racing Santander,,-0.25
Radomiak S.A.,,0.5882352941176471
Raith Rovers FC,,0.45454545454545453
Raja Club Athletic,,1.3333333333333333
Raklev GI,,-4.0
Rakuten Vissel Kobe,,0.6666666666666666
Ramsgate FC,,1.0
Randers Fodbold Club,0.39805825242718446,0.06796116504854369
Rangers Football Club,0.6809338521400778,1.3891050583657587
RasenBallsport Leipzig,0.603448275862069,0.9396551724137931
Raspadskaya Mezhdurechensk,,-1.5
Ravenna FC,,1.0
Rayo Vallecano de Madrid S. A. D.,0.3915094339622642,0.018867924528301886
Reading FC,,0.21052631578947367
Real Avilés CF,,0.0
Real Balompédica Linense,,0.3333333333333333
Real Betis Balompié S.A.D.,0.45806451612903226,0.2903225806451613
Real Club Celta de Vigo S. A. D.,0.4107744107744108,0.21212121212121213
Real Club Deportivo Mallorca S.A.D.,0.3972602739726027,0.02054794520547945
Real Farma Ovidiopol,,-1.8
Real Jaén CF,,-0.3
Real Madrid Club de Fútbol,0.7518610421836228,1.6575682382133996
Real Murcia CF,,-0.09090909090909091
Real Oviedo S.A.D.,,-0.1724137931034483
Real Salt Lake,,0.48
Real Sociedad de Fútbol S.A.D.,0.47692307692307695,0.5046153846153846
Real Titánico,,-2.0
Real Unión Club,,0.0
Real Valladolid CF,0.2896551724137931,-0.25517241379310346
Real World Challenge St. Petersburg,,-3.0
Real Zaragoza,,-0.14285714285714285
Real Ávila CF,,0.25
Recreativo Huelva,,0.42857142857142855
Red Bull Bragantino,,0.35714285714285715
Red Bull New York,,0.5
Reggina Calcio,,0.6666666666666666
Reial Club Deportiu Espanyol de Barcelona S.A.D.,0.40625,0.05078125
Renova Dzepciste,,0.0
Republic of Ireland,,-1.0
Restavratsiya Krasnoyarsk,,-1.0
Reus FC Reddis,,-0.5
Revera 1908 Ivano-Frankivsk,,-2.0
Riga FC,,0.5238095238095238
Rijnsburgse Boys,,-0.8888888888888888
Ringköbing IF,,-2.625
Ringsted IF,,-0.3333333333333333
Rio Ave Futebol Clube,0.375,0.10080645161290322
Rionegro Águilas,,0.4
Rishöj Boldklub,,-2.0
Rochdale AFC,,0.17391304347826086
Roda '46 Leusden,,1.0
Roda JC Kerkrade,0.3,-0.25
Rodina Media Moskau,,-3.0
Rodina Moscow,,-0.6
Romania,,-0.2
Rosenborg Ballklub,0.47297297297297297,0.6216216216216216
Roskilde KFUM,,-3.4
Ross County FC,0.3333333333333333,-0.2557077625570776
Rostocker FC 1895,,-8.0
Rot-Weiss Essen,,-0.9090909090909091
Rot-Weiß Erfurt,,-1.0
Rot-Weiß Oberhausen,,-6.0
Rotherham United,,0.07692307692307693
Rothes FC,,-1.4285714285714286
Rotor 2 Volgograd ( -2022),,-1.0
Rotor Volgograd,,-0.5217391304347826
Rovaniemen Palloseura,,-0.25
Royal Antwerp Football Club,0.5214723926380368,0.6134969325153374
Royal Charleroi Sporting Club,0.4266666666666667,0.26666666666666666
Royal Excel Mouscron (-2022),0.32710280373831774,-0.14018691588785046
Royal Sporting Club Anderlecht,0.5709090909090909,0.9090909090909091
Royal Standard Club de Liège,0.4819277108433735,0.43775100401606426
Royale Union Saint-Gilloise,0.6635514018691588,0.9345794392523364
Rubikon Kyiv,,-3.5
Rubin 2 Kazan,,-2.0
Ruch Chorzow,,0.2
Rudar Pljevlja,,-0.8333333333333334
Rushall Olympic,,-2.0
Rusj St. Petersburg (-2014),,-3.0
Russia,,0.1
Rutherglen Glencairn FC,,1.0
S-Pulse,,-0.125
S. A. F. Botafogo,,0.7037037037037037
SC 't Zand Tilburg,,2.0
SC Bastia,0.45263157894736844,0.29473684210526313
SC Beira-Mar,,-0.36363636363636365
SC Cambuur Leeuwarden,0.36363636363636365,-0.24242424242424243
SC Covilhã,,0.55
SC Dinamo 1948 SA,,0.625
SC Dnipro-1,0.524390243902439,0.6097560975609756
SC Farense,0.2903225806451613,-0.3064516129032258
SC Feyenoord Rotterdam,,-1.0
SC Fortuna Köln,,-1.0
SC Fotbal Club FCSB SA,0.47959183673469385,0.32653061224489793
SC Freamunde,,-0.25
SC Genemuiden,,0.5714285714285714
SC Gjilani,,-1.0
SC Hauenstein,,-1.0
SC Korosten Agro-Nyva,,-1.5
SC Olhanense,,-0.4166666666666667
SC Oţelul Galaţi,,0.16666666666666666
SC Paderborn 07,,-0.9333333333333333
SC União Torreense,,0.0
SC Verl,,0.3333333333333333
SC Victoria Hamburg,,-1.5
SC Vilkhivtsi (Zakarpattya Oblast),,-1.0
SC Weiche Flensburg 08,,-1.6666666666666667
SC Wiedenbrück,,-2.0
SD Almazán,,-2.0
SD Amorebieta,,-0.5
SD Beasain,,-1.0
SD Compostela,,-1.0
SD Eibar,0.3624161073825503,0.06711409395973154
SD Ejea,,0.3333333333333333
SD Formentera,,-0.5
SD Huesca,0.2830188679245283,-0.4339622641509434
SD Leioa,,-0.8
SD Logroñés,,-2.6666666666666665
SD Negreira,,0.5
SD Noja,,0.0
SD Ponferradina,,0.09090909090909091
SD Solares-Medio Cudeyo,,-1.0
SD Tarazona,,-1.0
SDC Putten,,-4.0
SEF Torres 1903,,-1.0
SF Baumberg,,-3.0
SG Aumund-Vegesack,,-9.0
SG Dynamo Dresden,,-0.07692307692307693
SG Sonnenhof Großaspach,,-2.5
SG Wattenscheid 09,,-1.0
SHO Oud Beijerland,,-1.0
SJC Noordwijk,,-1.0
SJK Seinäjoki,,-0.5
SK Austria Klagenfurt,,-0.7692307692307693
SK Beveren,0.2647058823529412,-0.38235294117647056
SK Dynamo Ceske Budejovice,,-1.8
SK Poltava,,-1.8
"SK Sigma Olomouc, a.s.",,0.21052631578947367
"SK Slavia Praha, a.s.",0.6071428571428571,0.9285714285714286
SK Tavriya Simferopol ( - 2022),,-0.3170731707317073
SKA Khabarovsk,,-0.2
SKA Odessa (2010),,-2.0
SKA Rostov-na-Donu,,-1.2222222222222223
SKK Demnya,,0.0
SKN St. Pölten,,0.5
SM Caen,0.35789473684210527,-0.3368421052631579
SP Tre Penne,,-2.5
SPAL,0.2923076923076923,-0.38461538461538464
SS Barletta Calcio,,-3.0
SS Cosmos,,0.0
SS Folgore/Falciano,,-1.2857142857142858
SS Juve Stabia,,1.2
SS Matera Calcio,,1.3333333333333333
SS Monopoli 1966,,1.75
SS Sambenedettese,,1.5
SS Virtus Lanciano,,-1.0
SSC Bari,,0.7
SSV Jahn Regensburg,,-1.0
SSV Jeddeloh II,,-3.0
SSV Reutlingen 05,,-1.0
SSV Ulm 1846,,-1.375
SSh Leningradets,,-2.5
SShOR-1 Kristall St. Petersburg,,0.5
SV 07 Elversberg,,-1.0
SV Alemannia Waldalgesheim,,-6.0
SV Atlas Delmenhorst,,-3.6666666666666665
SV Babelsberg 03,,-1.3333333333333333
SV Blerick,,-4.0
SV DFS Opheusden,,-2.0
SV Darmstadt 98,0.22033898305084745,-0.8305084745762712
SV De Foresters Heiloo,,-2.0
SV Deltasport Vlaardingen,,1.0
SV Deurne,,-2.0
SV Drochtersen/Assel,,-2.3333333333333335
SV Eichede,,-4.0
SV Eintracht Trier 05,,-2.3333333333333335
SV Falkensee/Finkenkrug,,-5.0
SV Grödig,,-1.0
SV HBC Heemstede,,-1.0
SV Hemelingen,,-9.0
SV Huizen,,0.0
SV Juliana '31 Malden,,-0.3333333333333333
SV Kampong Utrecht,,-2.0
SV Linx,,-1.0
SV Lippstadt 08,,-5.0
SV Meerssen,,-1.0
SV Meppen,,-3.6666666666666665
SV Morlautern,,-5.0
SV Nieuwkoop,,-2.0
SV Oberachern,,-5.0
SV Oss '20,,0.2857142857142857
SV Poortugaal,,0.0
SV Roßbach/Verscheid,,-4.0
SV Rödinghausen,,-1.0
SV Sandhausen,,-0.8333333333333334
SV Schott Jena,,-4.0
SV Spakenburg,,1.05
SV Straelen,,-1.0
SV TEC Tiel,,-0.2222222222222222
SV TOP,,-4.0
SV Todesfelde,,-1.0
SV Urk,,-0.8333333333333334
SV Wacker Burghausen,,-1.0
SV Walcheren Vlissingen,,-2.0
SV Waldhof Mannheim,,-0.3333333333333333
SV Waldkirch,,-3.0
SV Wehen Wiesbaden,,-1.0833333333333333
SV Wilhelmshaven,,-2.5
SVL Langbroek,,-1.0
SVV Scheveningen,,0.21428571428571427
Saaby Fodbold,,-2.0
Sabah FK,,0.0
Saedding/Guldager IF,,-2.0
Saint Mirren Football Club,0.3476190476190476,-0.10476190476190476
Sakhalin Yuzhno-Sakhalinsk,,-0.6666666666666666
Sakhalinets Moscow,,-0.5
Salamanca CF UDS,,-3.0
Salerm Puente Genil FC,,-1.0
Salford City,,0.0
Salisbury City (- 2014),,2.0
Salyut Belgorod,,0.3
Samsunspor,0.5166666666666667,0.5666666666666667
San Diego Football Club,,0.6153846153846154
San Fernando CD,,-0.75
San Jose Earthquakes,,0.625
San Tirso SD,,-1.0
Sandefjord Fotball,,1.0
Sanfrecce Hiroshima,,0.29411764705882354
Santos Futebol Clube,,0.27586206896551724
Sarpsborg 08 Fotballforening,,0.18518518518518517
Sauchie Juniors FC,,0.8
Saudi Arabia,,-0.8571428571428571
Savona FBC,,6.0
Scarborough Athletic,,-2.0
Scotland,,-1.0
Scunthorpe United,,0.3333333333333333
Seattle Sounders FC,,0.6923076923076923
Selkirk FC,,-2.25
Senegal,,0.0
Sepsi OSK Sf. Gheorghe,,0.5238095238095238
Serbia,,-1.2
Serbia and Montenegro,,-1.0
Servette Football Club 1890 SA,0.37735849056603776,0.2641509433962264
Sestao River,,-0.5714285714285714
Sever Murmansk,,-2.0
Sevilla Fútbol Club S.A.D.,0.6011080332409973,0.8199445983379502
Shakhter Karaganda,,1.2307692307692308
Shakhter Peshelan,,-0.6666666666666666
Shakhter Soligorsk,,0.35
Shamrock Rovers,,0.16216216216216217
Shaw Lane A.F.C.,,-2.0
Sheffield United,0.4074074074074074,-0.2962962962962963
Sheffield Wednesday,,0.7619047619047619
Shelbourne FC,,-0.5555555555555556
Sheppey United,,-3.0
Shinnik Yaroslavl,,0.06666666666666667
Shkendija Tetovo,,0.3939393939393939
Shonan Bellmare,,0.0
Shortwood United,,-4.0
Shotts Bon Accord,,0.0
Shrewsbury Town,,0.64
Shturm Ivankiv (- 2024),,-1.0
Shumbrat Saransk,,-2.0
Sibir Novosibirsk,,1.0
Sibir Novosibirsk (- 2019),,-0.25
Sibir-2 Novosibirsk (- 2019),,-3.0
Sibiryak Bratsk,,0.6666666666666666
Siena FC,,0.04
Sileks Kratovo,,-0.5
Silkeborg Idrætsforening,0.3194444444444444,-0.25
Sioni Bolnisi,,-1.0
Sivasspor,0.41517857142857145,0.32589285714285715
Skala 1911 Stryi,,0.16666666666666666
Skala Morshyn,,-2.0
Skibet IF,,-1.0
Skibsby-Højene IF,,-3.0
Skive IK,,-1.0
Skjern GF,,-4.0
Skonto Riga,,0.8
Skovsgaard B,,-2.0
Skovshoved IF,,-2.4
Sködstrup SF,,-2.0
Slagelse B&I,,-1.5555555555555556
Slask Wroclaw,,0.03333333333333333
Slavia Sofia,,0.3333333333333333
Sliema Wanderers,,0.0
Sligo Rovers,,0.375
Slough Town,,-1.1428571428571428
Slovakia,,-1.1666666666666667
Slovan Bratislava,0.4262295081967213,0.2459016393442623
Slovenia,,-0.25
Smena Komsomolsk-na-Amure,,0.2857142857142857
Smolikas Falanis,,-1.0
Snejbjerg SG&I,,-6.0
Sociedade Esportiva Palmeiras,,1.0606060606060606
Società Sportiva Calcio Napoli,0.6434540389972145,1.0779944289693593
Società Sportiva Lazio S.p.A.,0.5838150289017341,0.8294797687861272
Sokol Kazan,,1.0
Sokol Saratov,,-0.14285714285714285
Solihull Moors,,0.0
Solröd FC,,-2.5
Solyaris Moskau (-2017),,0.0
Sorrento Calcio,,2.0
South Africa,,-0.75
South Korea,,0.3
South Shields FC,,-2.0
Southampton FC,0.35658914728682173,-0.03875968992248062
Southend United,,0.1111111111111111
Southport FC,,0.6
SpVgg Bayreuth,,-2.5
SpVgg Greuther Fürth,,-1.2564102564102564
SpVgg Unterhaching,,-0.75
Spain,,1.25
Sparta Nijkerk,,0.875
Sparta Rotterdam,0.37579617834394907,0.03184713375796178
Spartak Kostroma,,-0.8333333333333334
Spartak Myjava,,-1.0
Spartak Nalchik,,0.058823529411764705
Spartak Tambov,,0.3333333333333333
Spartak Tambov (-2014),,-3.0
Spartak Trnava,,0.6756756756756757
Spartak Tuymazy,,-2.0
Spartak Vladikavkaz (-2020),,-0.35
Spartak Yoshkar-Ola,,-1.0
Spennymoor Town,,-2.0
Spezia Calcio,0.38666666666666666,0.02666666666666667
Sport Club Corinthians Paulista,,0.3793103448275862
Sport Club Internacional,,0.32142857142857145
Sport Club do Recife,,-1.1578947368421053
Sport Lisboa e Benfica,0.7257142857142858,1.6257142857142857
Sport-Club Freiburg,0.468503937007874,0.2992125984251969
Sport-Union Neckarsulm,,-7.0
Sportclub Heerenveen,0.4235294117647059,0.2196078431372549
Sportclub Rheindorf Altach,,0.11428571428571428
Sportclub Silvolde (- 2023),,-1.0
Sportclub Telstar,,0.3181818181818182
Sportfreunde Dorfmerkingen,,-5.0
Sportfreunde Lotte,,-1.5
Sportfreunde Siegen,,-1.0
Sporting Clube de Braga,0.6257668711656442,0.9693251533742331
Sporting Clube de Portugal,0.7076923076923077,1.3292307692307692
Sporting Gijón,0.37037037037037035,-0.2962962962962963
Sporting Kansas City,,-0.5
Sportklub Puntigamer Sturm Graz,0.43333333333333335,0.25
Sportklub Rapid,0.5172413793103449,0.45977011494252873
Sportlust '46,,0.0
Sportsklubben Brann,,0.34285714285714286
Sportverein Werder Bremen von 1899,0.34782608695652173,-0.18695652173913044
Sportvereinigung Ried 1912,,0.2222222222222222
Sportvereniging Zulte Waregem,0.398989898989899,-0.030303030303030304
St Albans City,,-2.6666666666666665
St Cadoc's YC,,-1.0
St Joseph's FC,,-1.5454545454545454
St. Andrews United FC,,1.0
St. Cuthbert Wanderers FC,,-2.0
St. Johnstone FC,0.3665338645418327,-0.0796812749003984
St. Louis City Soccer Club,,-0.043478260869565216
St. Patrick's Athletic,,-0.6666666666666666
Stabæk Fotball,,0.0
Stade Reims,0.36,0.05
Stade Rennais Football Club,0.4838709677419355,0.4982078853046595
Stade brestois 29,0.410958904109589,0.13013698630136986
Stal Alchevsk (-2014),,-1.0
Stal Mielec,,-0.17647058823529413
StavropolAgroSoyuz Nevinnomysk,,-1.75
Stenhousemuir FC,,0.21052631578947367
Stevenage FC,,0.7368421052631579
Stirling Albion FC,,0.75
Stjarnan Gardabaer,,0.15384615384615385
Stockport County,,0.5
Stoke City,0.42857142857142855,0.07518796992481203
Stourbridge FC,,1.0
Strandby-Elling-Nielstrup IF,,-5.0
Stranraer FC,,-0.05
Stratford Town,,-4.0
Strathspey Thistle FC,,-2.25
Strogino Moscow,,-0.8571428571428571
Stroitel Kamensk-Shakhtinskiy,,-3.0
Struga Trim & Lum,,-0.2857142857142857
Strømsgodset IF,,-1.0454545454545454
Stuttgarter Kickers,,-1.5
Sudan,,-2.0
Sudnobudivnyk Mykolaiv,,-2.0
Sumgayit PFC,,-1.6666666666666667
Sundby Boldklub,,-1.0
Sunderland Association Football Club,0.27692307692307694,-0.26153846153846155
Susaa IF,,-1.0
Sutton United,,0.16666666666666666
Suwon FC,,0.18181818181818182
Svebölle BI,,-1.4
Svendborg fB - Oure FA,,-2.75
Swansea City,0.4084507042253521,0.19014084507042253
Sweden,,0.08333333333333333
Swift Hesperange,,0.0
Swindon Town,,-0.7
Switzerland,,-0.0625
Sydney Football Club,,0.6538461538461539
Syngenta FC,,-0.5
Syria,,0.0
Syzran-2003,,0.3333333333333333
São Paulo Futebol Clube,,0.6666666666666666
Söften GF,,-3.0
Sönderborg Fremad,,-6.0
Sønderjyske Fodbold,0.37222222222222223,-0.06111111111111111
TOGB Berkel,,-3.0
TOP Oss,,-1.6
TOV FK Metalist 1925 Kharkiv,0.38095238095238093,-0.2698412698412698
TP Mazembe,,-3.0
TSG Balingen,,-4.0
TSG Neustrelitz,,-5.0
TSG Pfeddersheim,,-2.0
TSK-Tavriya Simferopol,,-2.0
TST Fodbold,,-1.3333333333333333
TSV 1860 Munich,,-0.8333333333333334
TSV 1860 Rosenheim,,-2.0
TSV Havelse,,-1.6666666666666667
TSV Schott Mainz,,-3.3333333333333335
TSV Steinbach,,-1.0
Taarnby FF,,-1.8333333333333333
Taasinge fB,,-3.0
Taastrup FC,,-2.0
Tajikistan,,0.25
Tamworth FC,,-0.6
Tanzania,,0.0
Tarup-Paarup IF,,-1.6
Taunton Town,,0.0
Tekstilshchik Ivanovo,,0.045454545454545456
Temp Barnaul,,0.0
Termalica Bruk-Bet Nieciecza Klub Sportowy,,-0.5882352941176471
Ternana Calcio,,0.6666666666666666
Terrassa FC,,-0.6666666666666666
Teteks Tetovo,,0.0
Thailand,,2.0
The Celtic Football Club,0.7528089887640449,1.7584269662921348
The New Saints,,0.0
The Spartans FC,,0.25
Thesprotos Igoumenitsas,,-1.0
Thiseas Agrias,,0.0
Thisted FC,,-1.0
Thonon Évian Grand Genève FC,0.3508771929824561,0.03508771929824561
Thrasyvoulos Fylis,,-0.5
Threave Rovers FC,,0.0
Thyella Chalkiou,,-3.0
Thyella Kamariou,,-2.0
Thyella Katsikas,,-2.0
Thyella Sarakinon,,-2.0
Thór Akureyri,,1.5
Tikves Kavadarci,,1.0
Tilykratis Lefkadas,,-0.5714285714285714
Tobol Kostanay,,0.5
Togo,,-2.0
Tokyo Football Club,,0.0
Tokyo Verdy,,-0.26666666666666666
Tolosa CF,,-1.0
Tom Tomsk,,-0.6111111111111112
Tonbridge Angels,,-5.0
Torino Calcio,0.43,0.35333333333333333
Toronto FC,,-0.11538461538461539
Torpedo Armavir,,0.0
Torpedo Kutaisi,,-0.6428571428571429
Torpedo Miass,,0.0
Torpedo Moscow,0.29411764705882354,-0.5098039215686274
Torpedo Vladimir,,-0.8461538461538461
Torpedo-BelAZ Zhodino,,-0.5
Torquay United,,-1.0
Torrent CF,,-0.5
Tottenham Hotspur Football Club,0.6084507042253521,0.8873239436619719
Toulouse Football Club,0.3181818181818182,-0.00909090909090909
Trabzonspor Kulübü,0.5595667870036101,0.6353790613718412
Tranent Juniors FC,,2.4285714285714284
Tranmere Rovers,,-0.7894736842105263
Trapani Calcio,,1.2727272727272727
Trastevere Calcio,,-1.0
Tre Fiori FC,,-0.42857142857142855
Trinidad and Tobago,,0.0
Tromsø Idrettslag,,0.6486486486486487
TuS Bersenbrück,,-7.0
TuS Dassendorf,,-2.0
TuS Erndtebrück,,-3.3333333333333335
TuS Koblenz,,-1.0
TuS Makkabi Berlin,,-6.0
TuS Rot-Weiß Koblenz,,-4.333333333333333
Tune IF,,-2.0
Tunisia,,0.2
Turkiye,,-1.0
Turn- und Sportgemeinschaft 1899 Hoffenheim Fußball-Spielbetriebs,0.4444444444444444,0.31800766283524906
Turn- und Sportverein Egger Glas Hartberg,,-0.25
Turriff United FC,,-0.2222222222222222
Turun Palloseura,,1.0
Turégano CF,,-1.0
Tuse IF,,1.0
Tynecastle FC,,-1.4
Tyrnavos 2005,,-0.2857142857142857
Türkgücü München,,-1.0
U Craiova 1948 Club Sportiv SA,,1.108695652173913
UB Conquense,,0.0
UC AlbinoLeffe,,-0.5
UC Sampdoria,0.43043478260869567,0.21739130434782608
UCAM Murcia CF,,-0.45454545454545453
UCSA Tarasivka,,-1.0
UD Almería,0.3157894736842105,-0.08421052631578947
UD Alzira,,-1.5
UD Barbadás,,-0.5
UD Barbastro,,0.5
UD Fraga,,-1.0
UD Guía,,-1.0
UD Ibiza,,0.8
UD Lanzarote,,-1.0
UD Las Palmas,0.35454545454545455,-0.09090909090909091
UD Llanera,,-3.0
UD Logroñés,,0.2
UD Los Garres,,0.0
UD Maracena,,-1.5
UD Melilla,,-0.42857142857142855
UD Montijo,,-1.0
UD Mutilvera,,-1.25
UD Oliveirense,,0.16666666666666666
UD Ourense,,-3.0
UD Poblense,,-2.5
UD San Fernando,,-2.0
UD San Pedro,,-1.0
UD San Sebastián de los Reyes,,-0.5
UD Socuéllamos,,-0.6666666666666666
UD Somozas,,3.0
UD Sámano,,-4.0
UD Tamaraceite,,0.0
UD Tomares,,-1.5
UD Vilafranquense,,-1.0
UDI'19/Beter Bed,,-1.0
UE Cornellà,,0.0
UE Engordany,,-0.8
UE Llagostera,,-0.2857142857142857
UE Lleida (- 2011),,3.0
UE Olot,,-1.0
UE Rubí,,0.5
UE Sant Andreu,,-0.1
UE Sant Julia,,-1.1666666666666667
UE Santa Coloma,,-1.9
UE Vic,,1.0
UM Escobedo,,-1.3333333333333333
UP Langreo,,-1.0
US Adriese 1906,,-1.0
US Alessandria Calcio 1912,,0.5714285714285714
US Ancona,,1.0
US Avellino 1912,,1.625
US Catanzaro,,1.75
US Città di Pontedera,,0.5
US Grosseto FC,,-0.5
US Latina Calcio,,-0.3333333333333333
US Livorno 1915,,-0.3333333333333333
US Salernitana 1919,0.2898550724637681,-0.36231884057971014
US Triestina,,2.0
USC Paloma Hamburg,,-9.0
USV Elinkwijk Utrecht,,-1.0
USV Eschen/Mauren,,-1.0
USV Hercules,,-0.2857142857142857
Udinese Calcio,0.37373737373737376,0.10101010101010101
Uganda,,-1.0
UkrAgroKom Golovkivka,,0.3333333333333333
Ukraine,,-0.7777777777777778
Ulsan Hyundai Football Club,,-0.2727272727272727
Unami CP,,-3.0
Unione Sportiva Cremonese S.p.A.,0.3584905660377358,-0.1320754716981132
Unione Sportiva Lecce,0.3090909090909091,-0.3181818181818182
Unione Sportiva Sassuolo Calcio,0.38,0.012
Unionistas CF,,-0.125
United Arab Emirates,,2.0
United States,,-0.375
Universitario FC Las Palmas,,-2.0
Universitet Uljanovsk,,-2.0
University AFC,,-2.142857142857143
University College Dublin,,-1.5
University of Stirling FC,,-1.0
União de Leiria,,-1.0
Unión Club Ceares,,-1.0
Unión Magdalena,,0.1
Ural Yekaterinburg,0.3829787234042553,-0.12234042553191489
Uralets-TS Nizhniy Tagil,,-1.0
Urawa Red Diamonds,,0.11764705882352941
Uruguay,,0.6875
Utebo FC,,-2.25
Uzbekistan,,0.5
VAST Mykolaiv,,-3.0
VPK-Agro,,0.6666666666666666
VPV Purmersteijn,,-2.0
VSG Altglienicke,,-6.0
VSK Aarhus,,-1.1666666666666667
VV Baronie,,-1.0
VV Berkum,,-0.5
VV Buitenpost,,-1.5
VV Capelle,,0.6470588235294118
VV DOVO Veenendaal,,-0.7777777777777778
VV DZOH Emmen,,-3.0
VV De Bataven Gendt,,-2.0
VV De Meern,,-5.0
VV De Zouaven,,-0.3333333333333333
VV Dongen,,0.0
VV Dubbeldam,,-3.0
VV Duno Doorwerth,,-1.5
VV Eemdijk,,0.25
VV GOES,,-2.0
VV Gemert,,-0.3333333333333333
VV Heerjansdam,,-3.0
VV Heino,,-1.0
VV Hoogeveen,,2.25
VV Hoogland,,-2.0
VV IJsselmeervogels,,0.0
VV Katwijk,,0.08333333333333333
VV Kloetinge,,1.0
VV Kolping Boys Oudorp,,-4.0
VV Noordwijk,,0.0
VV OWIOS Oldebroek,,-4.0
VV Oude Maas,,-2.0
VV SWZ Sneek,,-1.0
VV Scherpenzeel,,-1.0
VV Sliedrecht,,2.0
VV Smitshoek Barendrecht,,-1.5
VV Staphorst,,0.8888888888888888
VV SteDoCo,,-0.16666666666666666
VV Ter Leede,,1.6666666666666667
VV UNA Veldhoven,,-0.25
VV WKE Emmen,,-0.5
VV Zwaluwen Vlaardingen,,-1.0
VV d'Olde Veste '54 Steenwijk,,-2.5
VVOG Harderwijk,,-0.5
VVSB Noordwijkerhout,,0.23076923076923078
VVV-Venlo,0.29213483146067415,-0.6629213483146067
Vaasan Palloseura,,0.4
Vaerebro BK,,-1.3333333333333333
Vale of Leithen FC,,-1.0
Valencia Club de Fútbol S. A. D.,0.5031055900621118,0.5496894409937888
Valenciennes FC,,0.07894736842105263
Vallensbaek IF 39,,-6.0
Valletta FC,,0.0
Valmiera FC,,0.8
Valur Reykjavík,,-0.2857142857142857
Vancouver Whitecaps FC,,1.56
Vanlöse IF,,-1.625
Vardar Skopje,,-0.46153846153846156
Varde IF,,-1.7
Varese 1910,,1.0
Varzim SC,,0.625
Vasas FC,,-3.0
Vataniakos Katerinis,,-0.5
Vatanspor ,,-3.2
Vaynakh Shali,,-2.0
Veensche Boys,,-1.0
Vejgaard B,,-1.9
Vejlby-Risskov Idraetsklub,,-4.0
Vejle Boldklub,0.2948717948717949,-0.2564102564102564
Vejle Boldklub Kolding,,0.5
Velarde Camargo CF,,-0.5
Veles Moscow,,-0.18181818181818182
Vendsyssel FF,,-0.6428571428571429
Venezia FC,,-0.23404255319148937
Venezuela,,0.0
Verein für Bewegungsspiele Stuttgart 1893,0.43333333333333335,0.20833333333333334
Verein für Leibesübungen Wolfsburg,0.4233576642335766,0.30656934306569344
Veria NPS,0.3684210526315789,0.10526315789473684
Verona Hellas Football Club,0.3466666666666667,-0.22666666666666666
VfB Eichstätt,,-4.0
VfB Lübeck,,-1.75
VfL Bochum,0.3717948717948718,-0.24358974358974358
VfL Oldenburg,,-5.0
VfL Osnabrück,,-0.5
VfR Aalen,,-0.5
VfR Neumünster,,-1.0
VfR Wormatia Worms,,-1.6666666666666667
VfV 06 Hildesheim,,-7.0
Viborg Fodsports Forening,0.35398230088495575,-0.08849557522123894
Viby IF,,-1.2727272727272727
Victoria CF,,-3.5
Videoton FC,,0.5294117647058824
Vietnam,,-1.0
Vigerslev Boldklub,,-1.0
Viking Fotballklubb,,1.8846153846153846
Viktor Ponedelnik Football Akademia,,-4.0
Viktoriya Sumy,,0.3333333333333333
Vildbjerg SF,,-5.5
Villarreal Club de Fútbol S.A.D.,0.5345911949685535,0.7452830188679245
Virtus Entella,,1.3636363636363635
Virtus Francavilla Calcio,,1.5
Virum-Sorgenfri BK,,-2.0
Vitesse Arnhem,0.47639484978540775,0.5879828326180258
Vityaz Krymsk,,0.0
Vityaz Podolsk,,-0.42857142857142855
Vitória Setúbal FC,0.3509933774834437,-0.11258278145695365
Vitória Sport Clube,0.48175182481751827,0.4124087591240876
Volga Nizhniy Novgorod (- 2016),,-0.9032258064516129
Volga Tver,,-0.6666666666666666
Volga Uljanovsk,,0.13636363636363635
Volgar Astrakhan,,-0.0625
Volgar-Astrakhan Astrakhan,,-2.0
Volna Kovernino,,-1.2
Volou Neos Podosferikos Syllogos,0.3333333333333333,-0.3047619047619048
Volyn Lutsk,0.2948717948717949,-0.1794871794871795
Vordingborg IF,,-1.0
Vorskla Poltava,0.41361256544502617,0.1099476439790576
Vybor-Kurbatovo Voronezh (-2015),,-1.0
Vyron Kavalas,,-1.0
Vyzas Megaron,,-1.0
Västerås Sportklubb FK,,-0.4
Vålerengens Idrettsforening,,0.7272727272727273
Vélez CF,,-1.0
Víkingur Gøta,,-1.3157894736842106
Víkingur Reykjavík,,1.6666666666666667
Wales,,-0.7142857142857143
Walsall FC,,0.15789473684210525
Warrington Town,,1.0
Watford FC,0.3700787401574803,-0.1968503937007874
Wattener Sportgemeinschaft Swarovski Tirol,,-0.10344827586206896
Wealdstone FC,,-1.6666666666666667
Welling United,,-2.0
Wellington Phoenix Football Club,,-0.38461538461538464
West Bromwich Albion,0.3087248322147651,-0.1610738255033557
West Ham United Football Club,0.4444444444444444,0.21568627450980393
Western Sydney Wanderers,,0.038461538461538464
Western United FC,,0.6923076923076923
Weston-super-Mare AFC,,-1.3333333333333333
Weymouth FC,,0.0
Whitburn FC,,1.0
Whitehawk FC,,0.3333333333333333
Whitehill Welfare FC,,-1.0
Wick Academy FC,,0.9166666666666666
Widzew Łódź Spółka Akcyjna,,0.20588235294117646
Wigan Athletic,,-0.15217391304347827
Wigtown & Bladnoch FC,,-5.875
Wilhelmina '08,,2.0
Willem II Tilburg,0.35555555555555557,-0.17777777777777778
Wisla Kraków,,-0.25
Wisła Płock Spółka Akcyjna,,0.0
Woking FC,,-1.1666666666666667
Wolverhampton Wanderers Football Club,0.41847826086956524,0.03804347826086957
Worcester City,,-1.0
Worthing FC,,-2.0
Wrexham AFC,,0.8947368421052632
Wuppertaler SV,,-1.0
Wycombe Wanderers,,-0.3333333333333333
Wydad Casablanca,,-1.3333333333333333
Würzburger Kickers,,-1.0
Xerez CD,,-0.75
Xerez Deportivo FC,,-1.0
XerxesDZB,,-1.5
Xäzär Länkäran,,-1.75
Yadro St. Petersburg,,-2.0
Yakutia Yakutsk (-2017),,-1.3333333333333333
Yate Town,,-5.0
Yeclano Deportivo,,-1.0
Yednist Plysky (-2018),,-1.0
Yellow-Red Koninklijke Voetbalclub Mechelen,0.4320388349514563,0.2912621359223301
Yeni Malatyaspor,0.33695652173913043,-0.021739130434782608
Yeovil Town,,0.0
Yokohama FC,,-0.7142857142857143
Yokohama Marinos,,0.16666666666666666
York City,,-0.42857142857142855
Young Boys FD,,-2.125
Yverdon Sport FC,,-0.17647058823529413
ZFC Meuselwitz,,-5.0
ZOV Moscow,,-1.0
Zagłębie Lubin Spółka Akcyjna,,0.24324324324324326
Zalaegerszegi TE FC,,-1.0
Zambia,,-1.5
Zamora CF,,-0.875
Zaria Balti,,0.5
Zawisza Bydgoszcz,,-2.0
Zeilbergse Sport Vereniging,,-4.0
Zelvia,,0.7857142857142857
Zenit Izhevsk,,0.17647058823529413
Zenit Penza,,-1.1666666666666667
Zhasmin Mikhaylovsk,,-4.0
Zhemchuzhina Yalta,,-2.0
Zhemchuzhyna Odesa,,-2.0
Zhemchuzhyna Yalta (- 2014),,0.5
Zhetysu Taldykorgan,,0.0
Zimbabwe,,-1.0
Zira FC,,0.375
Zirka Kropyvnytskyi,,-0.09375
Znamya Noginsk,,-0.7777777777777778
Znamya Truda Orekhovo-Zuevo,,-0.1875
Zorkiy Krasnogorsk,,1.0
Zvezda Perm,,0.6
Zvezda St. Petersburg,,0.0
Águilas FC,,-1.0
Çaykur Rizespor Kulübü,0.4,0.11282051282051282
Écija Balompié,,-0.5
ÍBV Vestmannaeyjar,,-0.75
ÍF Fuglafjördur,,-1.0
Öresund Klubfodbold,,-5.0
Örgryte IS,,-0.4
Östers IF,,-0.5333333333333333
Östersunds FK,,0.7142857142857143
Østre Boldklub,,-4.0
Újpest FC,,0.5
Ümraniyespor,,-0.3888888888888889
İstanbul Başakşehir Futbol Kulübü,0.5378787878787878,0.7727272727272727
Železničar Pančevo,,0.6
"Футбольный клуб ""Локомотив"" Москва",0.5132075471698113,0.5283018867924528
